customer_id,customer_name,gender,age,province,city,register_date,channel,vip_level
C00001,薛桐诺,男,49,广东,深圳,2024-12-31,抖音,银卡会员
C00002,邵佳子,女,20,江苏,苏州,2025-12-19,天猫,银卡会员
C00003,龚妍诗,男,33,广东,东莞,2024-12-05,京东,金卡会员
C00004,孔明航,女,23,湖北,宜昌,2024-12-10,天猫,金卡会员
C00005,邱斌国,女,54,山东,未知,2024-04-01,天猫,银卡会员
C00006,龚梅,女,42,上海,上海,2025-08-03,天猫,普通会员
C00007,武雅,男,45,浙江,宁波,2025-05-20,拼多多,金卡会员
C00008,孙琴,女,47,四川,成都,2025-09-12,天猫,金卡会员
C00009,范子志,女,27,陕西,咸阳,2024-03-07,天猫,金卡会员
C00010,范强斌,女,20,陕西,西安,2024-06-01,天猫,钻石会员
C00011,夏雨梦,女,35,广东,深圳,2025-09-23,拼多多,普通会员
C00012,邱诗兰,男,25,江苏,南京,2024-01-31,京东,银卡会员
C00013,谭志,女,31,江苏,南京,2024-12-31,小程序,银卡会员
C00014,冯军飞,男,31,浙江,宁波,2024-10-18,抖音,普通会员
C00015,黄飞远,男,51,四川,成都,2025-11-07,抖音,银卡会员
C00016,邓芳,女,31,上海,上海,2025-09-08,抖音,普通会员
C00017,傅敏懿,女,24,广东,佛山,2025-10-07,天猫,普通会员
C00018,萧佳超,女,59,上海,上海,2024-07-27,小程序,普通会员
C00019,曾懿,女,20,四川,成都,2025-02-27,小程序,银卡会员
C00020,唐浩建,男,26,广东,广州,2025-05-19,天猫,银卡会员
C00021,陆艳,女,32,湖南,株洲,2025-11-27,抖音,普通会员
C00022,吕敏强,男,20,广东,东莞,2024-01-06,天猫,普通会员
C00023,刘婷,女,56,重庆,重庆,2025-12-04,抖音,银卡会员
C00024,袁磊,女,33,广东,广州,2024-09-12,拼多多,普通会员
C00025,史一子,男,51,陕西,西安,2024-04-02,小程序,普通会员
C00026,陈杰,男,23,重庆,重庆,2025-03-19,京东,普通会员
C00027,戴泽,男,40,安徽,芜湖,2025-07-16,抖音,金卡会员
C00028,范泽,女,23,湖南,长沙,2024-04-03,抖音,普通会员
C00029,邱杰,女,27,河南,郑州,2024-01-30,天猫,银卡会员
C00030,许晓玉,男,35,山东,青岛,2025-10-07,抖音,金卡会员
C00031,董涵,男,55,河南,洛阳,2025-11-03,抖音,普通会员
C00032,何晨,男,31,广东,东莞,2024-04-22,拼多多,金卡会员
C00033,董斌然,男,50,四川,成都,2025-10-12,小程序,普通会员
C00034,邹博,女,21,四川,成都,2025-10-17,天猫,普通会员
C00035,谢一,女,28,陕西,西安,2025-12-19,天猫,普通会员
C00036,邓敏志,男,43,北京,北京,2024-06-04,天猫,银卡会员
C00037,郝国文,女,38,上海,上海,2025-02-20,天猫,钻石会员
C00038,赵思晓,男,39,山东,青岛,2025-12-16,京东,银卡会员
C00039,胡霞晓,男,47,浙江,宁波,2025-10-11,拼多多,银卡会员
C00040,黎晓,女,21,江苏,无锡,2025-03-11,京东,普通会员
C00041,戴志桐,男,47,北京,北京,2024-05-21,抖音,金卡会员
C00042,尹泽,男,55,上海,上海,2024-03-01,京东,普通会员
C00043,石斌佳,女,50,江苏,南京,2024-07-05,京东,普通会员
C00044,沈博,女,30,上海,上海,2024-02-16,拼多多,钻石会员
C00045,卢娜强,男,33,上海,上海,2024-05-20,抖音,普通会员
C00046,高欣梓,女,59,浙江,杭州,2024-02-23,京东,普通会员
C00047,蒋琪桂,男,51,上海,上海,2025-07-02,小程序,普通会员
C00048,江博,女,58,山东,烟台,2025-02-28,京东,普通会员
C00049,张嘉,男,57,浙江,宁波,2025-01-07,天猫,金卡会员
C00050,高懿,女,36,辽宁,大连,2025-08-05,京东,普通会员
C00051,邵嘉,男,23,重庆,重庆,2024-10-22,抖音,钻石会员
C00052,姜桐,女,27,北京,北京,2024-10-17,京东,普通会员
C00053,杜建华,女,30,浙江,杭州,2024-05-28,拼多多,银卡会员
C00054,白刚,男,53,四川,成都,2024-11-16,抖音,银卡会员
C00055,任霞刚,女,29,陕西,西安,2024-05-05,京东,银卡会员
C00056,陆佑雅,男,33,山东,烟台,2025-02-28,拼多多,普通会员
C00057,于静,女,54,未知,长沙,2025-12-19,京东,银卡会员
C00058,秦霞磊,男,25,四川,成都,2025-01-18,京东,银卡会员
C00059,苏建,男,46,湖北,武汉,2024-08-03,天猫,金卡会员
C00060,常航,女,41,浙江,宁波,2025-05-10,京东,普通会员
C00061,蔡博,男,60,福建,福州,2025-08-13,京东,普通会员
C00062,赖浩,女,39,江苏,南京,2024-12-05,天猫,银卡会员
C00063,孙志,女,40,山东,烟台,2024-06-29,抖音,普通会员
C00064,卢志,男,54,陕西,西安,2025-05-28,天猫,普通会员
C00065,萧雪,男,60,广东,深圳,2024-05-14,天猫,钻石会员
C00066,金敏,女,49,湖北,武汉,2025-12-19,抖音,普通会员
C00067,潘华霞,女,48,广东,佛山,2024-08-16,天猫,普通会员
C00068,彭杰勇,男,55,福建,厦门,2024-09-09,抖音,银卡会员
C00069,吕晨晨,男,60,广东,深圳,2025-06-07,抖音,普通会员
C00070,何刚晨,女,49,辽宁,沈阳,2024-01-09,京东,普通会员
C00071,汤洋,女,30,江苏,南京,2024-05-26,天猫,普通会员
C00072,秦嘉斌,女,45,辽宁,沈阳,2024-03-31,京东,普通会员
C00073,郝然国,男,28,湖南,株洲,2024-10-08,天猫,普通会员
C00074,刘佳,女,39,湖北,武汉,2025-02-02,京东,金卡会员
C00075,丁敏,女,37,河南,洛阳,2024-05-09,抖音,普通会员
C00076,傅懿梅,男,60,河南,郑州,2024-09-04,抖音,普通会员
C00077,邱娜伟,男,41,辽宁,大连,2025-07-09,京东,银卡会员
C00078,常雨,男,59,浙江,温州,2025-11-07,小程序,普通会员
C00079,易建燕,女,52,湖北,武汉,2024-01-11,天猫,普通会员
C00080,易嘉,男,54,广东,广州,2025-03-27,拼多多,普通会员
C00081,张芳,女,25,湖北,武汉,2024-01-19,拼多多,普通会员
C00082,贾志桐,女,51,江苏,无锡,2025-01-09,京东,普通会员
C00083,沈玉军,男,28,四川,成都,2025-09-25,天猫,普通会员
C00084,邵霞,女,42,四川,未知,2025-07-28,天猫,金卡会员
C00085,陈娟晓,女,38,北京,北京,2024-06-16,小程序,钻石会员
C00086,胡燕,男,29,四川,绵阳,2024-07-05,天猫,金卡会员
C00087,林飞伟,女,60,河南,郑州,2025-07-18,拼多多,普通会员
C00088,贺玉,女,55,湖南,长沙,2025-08-13,京东,银卡会员
C00089,韩欣浩,男,42,北京,北京,2024-07-21,京东,银卡会员
C00090,戴丽子,女,18,湖北,武汉,2024-01-03,抖音,普通会员
C00091,刘晨飞,女,25,辽宁,大连,2024-11-16,天猫,金卡会员
C00092,郭泽志,男,27,广东,广州,2025-03-22,京东,银卡会员
C00093,郭芳,女,59,广东,深圳,2024-11-15,小程序,普通会员
C00094,谭超,女,35,广东,佛山,2025-11-04,天猫,钻石会员
C00095,朱雨,女,20,山东,青岛,2025-08-08,小程序,普通会员
C00096,金敏洋,男,43,上海,上海,2025-07-21,小程序,普通会员
C00097,毛静建,男,58,河南,郑州,2024-01-15,天猫,普通会员
C00098,顾海,男,42,山东,青岛,2025-09-06,抖音,普通会员
C00099,魏天,女,37,浙江,杭州,2025-06-27,天猫,钻石会员
C00100,潘军雪,女,25,重庆,重庆,2024-10-12,抖音,银卡会员
C00101,谭怡,女,55,河南,郑州,2025-02-28,小程序,普通会员
C00102,武平雨,男,22,浙江,杭州,2025-08-16,拼多多,银卡会员
C00103,杨泽,女,58,上海,上海,2025-10-14,小程序,金卡会员
C00104,梁涵,女,27,浙江,杭州,2025-01-31,天猫,金卡会员
C00105,杜桐懿,女,23,江苏,南京,2024-01-30,抖音,金卡会员
C00106,张伟,女,32,江苏,南京,2025-03-21,天猫,金卡会员
C00107,吕天,女,18,辽宁,大连,2025-05-04,拼多多,银卡会员
C00108,沈诺,男,18,北京,北京,2024-02-12,天猫,普通会员
C00109,冯婷诺,女,26,上海,上海,2025-08-11,天猫,金卡会员
C00110,高欣强,女,47,福建,福州,2024-05-25,天猫,普通会员
C00111,余雨,女,53,四川,绵阳,2025-10-03,天猫,普通会员
C00112,邹文桂,男,28,辽宁,沈阳,2025-01-31,天猫,普通会员
C00113,魏浩华,女,45,河南,未知,2024-08-19,天猫,普通会员
C00114,贺国,男,33,北京,北京,2024-02-12,拼多多,银卡会员
C00115,郑宇,男,36,上海,上海,2024-01-13,拼多多,金卡会员
C00116,唐涛强,男,32,安徽,芜湖,2025-06-17,天猫,普通会员
C00117,方然,男,56,福建,泉州,2024-09-28,拼多多,银卡会员
C00118,石一,男,40,辽宁,沈阳,2025-08-27,京东,普通会员
C00119,杜娜,女,39,广东,东莞,2024-06-14,拼多多,银卡会员
C00120,何欣,女,54,陕西,西安,2025-10-24,京东,普通会员
C00121,雷嘉娟,女,46,山东,青岛,2025-11-08,抖音,普通会员
C00122,徐磊俊,女,24,广东,东莞,2024-03-14,京东,银卡会员
C00123,崔晨,女,26,湖北,武汉,2025-04-10,天猫,普通会员
C00124,孙嘉,女,32,山东,未知,2025-11-07,抖音,普通会员
C00125,石梓,男,22,广东,深圳,2024-08-20,拼多多,普通会员
C00126,罗杰,男,47,北京,北京,2024-02-18,拼多多,普通会员
C00127,方涵强,女,39,湖南,长沙,2025-09-22,京东,银卡会员
C00128,韩琪,女,19,浙江,杭州,2024-12-07,京东,普通会员
C00129,丁静兰,女,35,北京,北京,2024-01-20,拼多多,普通会员
C00130,黎杰国,男,53,北京,北京,2025-08-27,天猫,金卡会员
C00131,朱一燕,女,57,浙江,宁波,2025-05-03,天猫,银卡会员
C00132,许子,女,59,重庆,重庆,2024-02-20,京东,普通会员
C00133,侯浩博,女,57,河南,洛阳,2024-07-05,天猫,银卡会员
C00134,孟晓,女,44,广东,佛山,2024-01-14,京东,普通会员
C00135,丁刚,女,57,安徽,芜湖,2025-11-18,天猫,普通会员
C00136,范雪,女,59,陕西,西安,2024-01-18,抖音,银卡会员
C00137,康军,女,45,浙江,宁波,2025-07-27,抖音,普通会员
C00138,贺杰芳,女,35,湖南,未知,2025-01-03,拼多多,普通会员
C00139,蔡敏宇,女,59,广东,广州,2025-02-23,抖音,金卡会员
C00140,萧怡,男,35,安徽,芜湖,2025-08-07,京东,银卡会员
C00141,郝琪晓,女,25,山东,青岛,2025-10-06,小程序,金卡会员
C00142,丁怡建,女,22,山东,烟台,2024-04-01,抖音,金卡会员
C00143,邓志,女,42,广东,深圳,2024-01-13,京东,普通会员
C00144,郭梦,男,19,重庆,重庆,2024-03-30,天猫,银卡会员
C00145,董墨国,女,23,广东,深圳,2025-05-06,抖音,普通会员
C00146,邓梦,女,28,江苏,南京,2025-02-13,抖音,银卡会员
C00147,萧华,男,40,江苏,南京,2024-03-01,抖音,普通会员
C00148,易雪,男,38,河南,郑州,2024-06-17,拼多多,普通会员
C00149,石玉,男,39,江苏,南京,2025-01-21,小程序,普通会员
C00150,郭晓泽,女,39,重庆,重庆,2025-06-09,小程序,银卡会员
C00151,方墨娟,女,60,山东,济南,2024-09-04,抖音,普通会员
C00152,罗丽一,女,27,广东,广州,2025-11-14,小程序,银卡会员
C00153,侯浩,男,38,广东,东莞,2025-12-15,小程序,金卡会员
C00154,余墨,女,44,广东,广州,2025-07-05,天猫,银卡会员
C00155,龙伟,女,29,湖北,宜昌,2024-11-23,抖音,普通会员
C00156,胡嘉,女,25,湖南,株洲,2025-09-23,天猫,普通会员
C00157,姜桂子,男,20,江苏,南京,2025-06-08,京东,金卡会员
C00158,毛然,男,32,陕西,西安,2025-01-09,京东,银卡会员
C00159,夏嘉,女,28,广东,深圳,2024-11-15,京东,普通会员
C00160,袁思飞,男,26,湖南,株洲,2025-08-22,天猫,钻石会员
C00161,贾诗平,女,29,辽宁,大连,2025-02-05,天猫,普通会员
C00162,萧梓天,女,47,河南,洛阳,2024-05-11,天猫,普通会员
C00163,卢怡,男,53,福建,福州,2025-12-20,抖音,普通会员
C00164,史涵,男,40,湖南,长沙,2024-02-19,拼多多,普通会员
C00165,田雨,女,20,广东,深圳,2025-05-15,小程序,普通会员
C00166,汪强,女,49,江苏,无锡,2025-04-17,京东,银卡会员
C00167,熊佳娜,女,24,广东,深圳,2025-02-26,天猫,普通会员
C00168,田然嘉,男,20,四川,绵阳,2024-02-07,拼多多,银卡会员
C00169,卢建,女,42,福建,福州,2024-12-20,天猫,金卡会员
C00170,汤雨,男,36,湖北,宜昌,2025-10-04,小程序,金卡会员
C00171,戴宇琪,女,31,陕西,咸阳,2024-06-21,抖音,普通会员
C00172,杨嘉,女,59,江苏,南京,2025-05-12,京东,银卡会员
C00173,钟建,男,21,福建,厦门,2025-09-10,天猫,普通会员
C00174,郝静涵,女,20,江苏,苏州,2025-11-16,天猫,银卡会员
C00175,江泽,女,43,浙江,宁波,2025-01-06,抖音,普通会员
C00176,廖强,男,35,福建,福州,2024-08-13,京东,银卡会员
C00177,雷娟,女,52,安徽,合肥,2025-05-18,拼多多,普通会员
C00178,贾文,女,19,湖北,武汉,2024-12-16,抖音,银卡会员
C00179,赖怡强,女,36,广东,深圳,2025-03-27,京东,普通会员
C00180,贾志,男,24,湖北,武汉,2025-06-18,天猫,普通会员
C00181,夏涛志,女,19,广东,未知,2025-05-26,京东,银卡会员
C00182,李嘉浩,男,37,陕西,西安,2024-06-23,天猫,普通会员
C00183,方磊丽,女,49,福建,福州,2025-06-28,抖音,银卡会员
C00184,程琪,女,24,江苏,无锡,2025-01-25,抖音,银卡会员
C00185,白怡,男,54,广东,深圳,2025-11-01,拼多多,银卡会员
C00186,蒋强,男,40,江苏,苏州,2025-04-19,京东,银卡会员
C00187,万佳,女,38,未知,芜湖,2025-10-04,天猫,银卡会员
C00188,邹华洋,男,57,北京,北京,2025-12-05,拼多多,金卡会员
C00189,阎明,女,32,河南,郑州,2025-12-17,抖音,普通会员
C00190,汪雨,女,26,山东,青岛,2025-06-20,抖音,银卡会员
C00191,胡雅志,女,51,四川,绵阳,2025-03-06,京东,银卡会员
C00192,曾志,男,22,江苏,苏州,2024-03-26,拼多多,普通会员
C00193,邵婷,男,55,未知,沈阳,2024-10-05,天猫,普通会员
C00194,任懿磊,男,53,浙江,宁波,2024-12-08,京东,普通会员
C00195,董嘉,女,60,湖北,武汉,2025-07-15,拼多多,银卡会员
C00196,钱涵,女,37,福建,福州,2025-02-27,天猫,普通会员
C00197,崔晨超,女,44,山东,烟台,2024-11-12,拼多多,银卡会员
C00198,董霞思,男,55,辽宁,大连,2024-04-15,京东,银卡会员
C00199,史娟艳,男,23,江苏,苏州,2025-05-30,天猫,银卡会员
C00200,康俊佳,男,31,四川,成都,2024-11-07,天猫,普通会员
C00201,萧艳勇,女,38,上海,上海,2024-01-27,拼多多,银卡会员
C00202,梁佑浩,男,44,北京,北京,2024-07-23,拼多多,银卡会员
C00203,姜浩桐,男,47,广东,东莞,2025-09-25,京东,普通会员
C00204,孟怡涵,女,57,广东,深圳,2024-03-26,天猫,普通会员
C00205,金强,女,39,浙江,杭州,2024-10-19,天猫,普通会员
C00206,夏曦,男,25,浙江,杭州,2025-01-03,天猫,金卡会员
C00207,石诗涛,女,26,北京,北京,2024-03-01,拼多多,普通会员
C00208,田晓,男,52,湖北,武汉,2024-04-29,天猫,普通会员
C00209,彭文,男,37,山东,济南,2025-11-07,天猫,普通会员
C00210,段墨雪,男,45,上海,上海,2025-03-01,天猫,普通会员
C00211,康子琪,男,42,上海,上海,2024-05-31,抖音,普通会员
C00212,李雨强,女,52,江苏,南京,2024-05-02,抖音,银卡会员
C00213,贺欣洋,女,27,湖北,武汉,2024-11-02,抖音,普通会员
C00214,夏洋,女,25,浙江,杭州,2025-06-04,抖音,金卡会员
C00215,韩墨杰,男,49,广东,东莞,2025-06-09,小程序,普通会员
C00216,康建,女,36,上海,上海,2024-05-20,京东,普通会员
C00217,郭涵,女,53,北京,北京,2025-06-06,拼多多,银卡会员
C00218,尹嘉子,男,23,江苏,无锡,2025-10-07,抖音,银卡会员
C00219,许敏军,女,29,四川,成都,2024-06-11,天猫,金卡会员
C00220,赵飞梦,女,59,四川,绵阳,2024-01-19,拼多多,普通会员
C00221,周燕,女,54,福建,泉州,2025-11-21,抖音,普通会员
C00222,尹文,男,20,山东,青岛,2025-01-10,抖音,银卡会员
C00223,秦志,女,53,山东,济南,2025-07-13,天猫,普通会员
C00224,方婷欣,女,20,浙江,温州,2024-08-18,京东,金卡会员
C00225,袁佑浩,女,23,河南,洛阳,2024-08-03,拼多多,普通会员
C00226,徐霞,女,56,四川,成都,2024-06-11,天猫,普通会员
C00227,潘懿刚,男,23,北京,北京,2024-06-05,天猫,银卡会员
C00228,吴军鹏,女,30,湖北,武汉,2024-12-05,天猫,银卡会员
C00229,邓志,女,23,上海,上海,2024-03-17,京东,金卡会员
C00230,赵诺懿,女,43,四川,成都,2025-08-29,拼多多,金卡会员
C00231,秦晓桐,男,20,福建,厦门,2025-01-03,抖音,普通会员
C00232,袁妍,男,30,未知,西安,2025-10-20,小程序,银卡会员
C00233,曹娟,男,32,重庆,未知,2024-12-27,京东,钻石会员
C00234,于诺艳,男,45,北京,北京,2024-08-06,京东,普通会员
C00235,邱娟飞,女,39,四川,成都,2025-01-05,天猫,普通会员
C00236,乔怡佳,男,26,湖南,长沙,2024-04-21,天猫,金卡会员
C00237,赵梅涛,女,37,浙江,未知,2025-08-16,拼多多,普通会员
C00238,孔雨,女,37,湖南,株洲,2025-06-02,天猫,金卡会员
C00239,段欣国,女,33,北京,北京,2024-04-15,天猫,普通会员
C00240,金伟丽,男,40,广东,深圳,2025-02-23,拼多多,金卡会员
C00241,常怡欣,女,32,广东,深圳,2025-01-22,抖音,银卡会员
C00242,贺敏,女,32,湖南,未知,2024-05-24,天猫,银卡会员
C00243,毛建,女,51,广东,广州,2024-03-28,抖音,银卡会员
C00244,毛晓,男,28,浙江,杭州,2025-07-01,京东,普通会员
C00245,罗斌,女,32,浙江,杭州,2024-07-09,拼多多,银卡会员
C00246,范杰,男,24,江苏,无锡,2025-01-08,抖音,金卡会员
C00247,康琪,女,48,浙江,杭州,2024-06-27,天猫,钻石会员
C00248,谢静,男,48,福建,厦门,2025-04-15,天猫,钻石会员
C00249,金英,男,47,广东,深圳,2024-02-05,天猫,银卡会员
C00250,黎飞,女,25,湖南,长沙,2024-09-15,抖音,银卡会员
C00251,许燕然,男,37,陕西,西安,2025-01-28,京东,银卡会员
C00252,卢晨文,女,30,上海,上海,2024-11-12,拼多多,银卡会员
C00253,谭文,女,50,江苏,南京,2025-03-16,京东,银卡会员
C00254,康琴娟,男,32,湖北,武汉,2024-05-09,京东,普通会员
C00255,龙嘉,男,35,广东,佛山,2024-11-14,天猫,普通会员
C00256,杜刚,男,37,上海,上海,2025-06-28,天猫,银卡会员
C00257,沈浩,女,50,辽宁,大连,2024-08-28,京东,普通会员
C00258,郝杰晨,女,48,安徽,芜湖,2024-04-23,抖音,普通会员
C00259,雷梅,男,53,河南,洛阳,2025-09-02,小程序,普通会员
C00260,文超嘉,女,36,浙江,宁波,2025-07-14,天猫,金卡会员
C00261,朱英曦,男,53,山东,青岛,2025-05-04,抖音,钻石会员
C00262,崔一怡,女,55,福建,福州,2025-07-28,天猫,银卡会员
C00263,江嘉浩,女,40,上海,上海,2025-07-14,抖音,钻石会员
C00264,侯浩,男,47,山东,济南,2025-06-21,天猫,金卡会员
C00265,邓涛,女,57,广东,佛山,2025-01-01,抖音,普通会员
C00266,孙婷军,男,54,江苏,苏州,2024-01-14,天猫,普通会员
C00267,邹嘉妍,女,29,四川,绵阳,2025-03-05,天猫,普通会员
C00268,廖欣雨,女,48,江苏,南京,2024-07-15,抖音,普通会员
C00269,史琪晓,女,37,江苏,未知,2025-07-10,京东,银卡会员
C00270,汪晨宇,女,24,湖南,长沙,2024-12-03,京东,普通会员
C00271,雷文婷,女,33,安徽,合肥,2025-10-13,京东,金卡会员
C00272,赵晓,男,60,四川,成都,2025-03-04,小程序,银卡会员
C00273,侯婷强,女,59,湖南,长沙,2025-01-31,京东,普通会员
C00274,熊思萱,男,51,安徽,合肥,2025-10-23,抖音,钻石会员
C00275,范国英,女,60,江苏,苏州,2024-12-08,拼多多,钻石会员
C00276,梁浩,男,42,未知,北京,2024-09-27,抖音,银卡会员
C00277,曹晨,女,50,上海,上海,2024-09-24,京东,银卡会员
C00278,陆子,女,25,广东,广州,2025-09-22,抖音,钻石会员
C00279,薛明洋,男,30,河南,未知,2025-06-28,天猫,银卡会员
C00280,沈娟,女,25,北京,北京,2024-04-27,抖音,金卡会员
C00281,薛英远,女,58,北京,北京,2024-12-20,京东,普通会员
C00282,杜雅雨,男,44,江苏,苏州,2024-09-24,拼多多,银卡会员
C00283,钱博,女,58,未知,苏州,2025-04-10,拼多多,普通会员
C00284,邓桐,女,35,重庆,重庆,2024-02-07,天猫,普通会员
C00285,石桂军,女,35,广东,广州,2025-05-29,天猫,普通会员
C00286,雷诺晨,男,47,江苏,苏州,2025-06-18,京东,普通会员
C00287,黄玉,女,42,浙江,杭州,2024-06-12,抖音,普通会员
C00288,曾怡斌,男,34,北京,北京,2024-04-18,京东,普通会员
C00289,谭浩娟,女,31,湖北,武汉,2025-03-27,抖音,普通会员
C00290,钱诺泽,男,40,北京,北京,2024-07-04,京东,金卡会员
C00291,郝佳,男,21,广东,深圳,2025-11-08,小程序,银卡会员
C00292,江嘉子,男,26,浙江,宁波,2025-07-12,京东,银卡会员
C00293,徐佳,男,19,陕西,西安,2025-11-18,天猫,普通会员
C00294,唐敏,女,24,山东,青岛,2025-01-19,京东,金卡会员
C00295,石文涵,女,26,山东,未知,2025-11-06,抖音,普通会员
C00296,潘宇,女,21,山东,济南,2024-01-11,天猫,普通会员
C00297,常然,女,20,河南,郑州,2024-07-27,天猫,普通会员
C00298,范娜建,男,53,广东,广州,2024-01-02,京东,金卡会员
C00299,陆嘉琪,男,25,上海,上海,2025-05-02,拼多多,钻石会员
C00300,邓博,女,41,四川,绵阳,2025-01-02,小程序,银卡会员
C00301,魏艳勇,女,22,浙江,杭州,2024-07-26,京东,银卡会员
C00302,罗航强,女,58,陕西,西安,2024-08-07,天猫,普通会员
C00303,田然,男,28,北京,北京,2025-04-08,京东,银卡会员
C00304,林涛,女,50,河南,洛阳,2024-05-09,京东,普通会员
C00305,孙宇,男,45,陕西,西安,2025-01-05,小程序,普通会员
C00306,范明,女,51,四川,绵阳,2025-03-17,京东,钻石会员
C00307,张兰怡,男,45,重庆,重庆,2024-06-21,抖音,钻石会员
C00308,曹刚,女,39,湖北,宜昌,2024-06-13,小程序,普通会员
C00309,阎佳然,男,51,陕西,西安,2024-09-12,抖音,普通会员
C00310,阎敏,女,53,浙江,温州,2025-03-02,天猫,普通会员
C00311,彭梓,男,34,北京,北京,2024-07-02,抖音,普通会员
C00312,林佳文,女,58,四川,绵阳,2024-09-30,京东,普通会员
C00313,孙涵文,男,60,广东,广州,2025-01-26,京东,银卡会员
C00314,潘俊文,女,49,上海,上海,2024-05-14,小程序,普通会员
C00315,陆勇建,男,57,重庆,重庆,2025-02-13,天猫,普通会员
C00316,龙俊,男,22,湖北,武汉,2024-04-09,京东,普通会员
C00317,贺平,女,41,江苏,南京,2024-04-12,天猫,银卡会员
C00318,孟然娜,男,45,浙江,杭州,2024-06-19,天猫,普通会员
C00319,江浩燕,男,57,江苏,苏州,2024-07-25,抖音,普通会员
C00320,钱强杰,女,23,广东,深圳,2024-01-22,拼多多,银卡会员
C00321,任婷,女,52,辽宁,大连,2025-11-23,抖音,银卡会员
C00322,朱航佑,女,21,北京,北京,2024-08-09,京东,普通会员
C00323,钟宇玉,男,33,浙江,宁波,2025-08-02,天猫,银卡会员
C00324,冯涵雨,女,47,湖北,武汉,2025-10-11,京东,普通会员
C00325,钱一琴,女,30,广东,广州,2025-07-30,京东,银卡会员
C00326,萧然浩,男,53,浙江,温州,2025-08-21,拼多多,普通会员
C00327,朱国燕,女,58,福建,厦门,2024-03-13,抖音,金卡会员
C00328,汪涛,男,24,湖北,武汉,2024-09-24,拼多多,钻石会员
C00329,余远燕,女,29,安徽,芜湖,2025-06-21,拼多多,银卡会员
C00330,雷静,女,21,湖北,宜昌,2025-02-18,京东,金卡会员
C00331,孙强英,女,48,北京,北京,2024-01-05,抖音,普通会员
C00332,程军英,女,56,河南,洛阳,2025-02-12,拼多多,银卡会员
C00333,郑芳英,男,43,重庆,重庆,2025-08-02,小程序,普通会员
C00334,吕桐佳,男,23,福建,泉州,2025-08-19,京东,普通会员
C00335,郑志嘉,女,25,辽宁,沈阳,2024-10-03,抖音,普通会员
C00336,高燕,女,19,河南,郑州,2024-06-19,京东,银卡会员
C00337,汤然,女,39,陕西,西安,2024-08-10,拼多多,银卡会员
C00338,冯丽,男,49,广东,广州,2024-08-01,小程序,金卡会员
C00339,戴俊雪,女,24,福建,福州,2024-09-06,小程序,银卡会员
C00340,廖英浩,男,54,北京,北京,2024-08-05,天猫,金卡会员
C00341,余文,男,28,四川,绵阳,2024-11-25,天猫,金卡会员
C00342,陈琪平,女,40,山东,烟台,2024-01-30,拼多多,金卡会员
C00343,顾强磊,女,46,安徽,合肥,2024-07-17,抖音,普通会员
C00344,邹志,女,41,安徽,芜湖,2024-08-14,小程序,普通会员
C00345,段磊,女,38,浙江,杭州,2024-04-20,京东,银卡会员
C00346,林娟萱,男,32,福建,福州,2025-09-24,拼多多,钻石会员
C00347,贺英刚,女,36,河南,郑州,2025-05-01,抖音,普通会员
C00348,秦建,女,28,上海,上海,2025-10-18,天猫,普通会员
C00349,许海嘉,女,30,广东,东莞,2025-02-08,天猫,普通会员
C00350,彭静,男,50,广东,佛山,2024-03-19,抖音,普通会员
C00351,崔懿然,男,55,河南,洛阳,2025-10-13,天猫,金卡会员
C00352,贺刚琪,男,54,北京,北京,2024-11-25,拼多多,普通会员
C00353,沈文,男,32,安徽,合肥,2025-05-07,抖音,普通会员
C00354,何梦,男,31,北京,北京,2024-10-01,京东,银卡会员
C00355,尹杰艳,女,20,安徽,合肥,2024-12-21,天猫,普通会员
C00356,邵宇志,女,29,上海,上海,2024-12-18,小程序,普通会员
C00357,熊诗,男,43,河南,未知,2024-07-23,抖音,银卡会员
C00358,陈梅,女,29,广东,广州,2025-02-03,拼多多,普通会员
C00359,戴天梓,女,49,四川,成都,2025-06-12,拼多多,钻石会员
C00360,徐浩,女,20,湖南,长沙,2024-01-15,抖音,银卡会员
C00361,金浩妍,女,35,重庆,重庆,2024-04-04,小程序,钻石会员
C00362,田梅,女,30,湖南,长沙,2025-08-29,抖音,普通会员
C00363,邱燕泽,男,39,广东,佛山,2025-02-14,京东,银卡会员
C00364,段博,男,19,上海,上海,2025-12-02,天猫,银卡会员
C00365,余强,女,36,广东,深圳,2025-03-11,京东,银卡会员
C00366,孙宇航,女,51,广东,深圳,2025-04-15,拼多多,普通会员
C00367,余杰,女,54,山东,青岛,2025-10-09,京东,普通会员
C00368,阎桐嘉,女,29,未知,厦门,2025-04-20,抖音,普通会员
C00369,曾墨军,男,36,河南,洛阳,2024-08-25,小程序,金卡会员
C00370,邱雨然,男,47,陕西,西安,2025-01-15,京东,金卡会员
C00371,郭杰勇,女,37,福建,未知,2024-06-18,天猫,普通会员
C00372,杨娟涵,男,41,湖南,株洲,2024-08-28,抖音,银卡会员
C00373,潘佑然,女,32,广东,深圳,2025-05-04,天猫,银卡会员
C00374,赖鹏诺,女,54,江苏,无锡,2024-04-17,拼多多,银卡会员
C00375,谭文艳,女,45,湖北,武汉,2025-04-28,京东,普通会员
C00376,雷远娟,男,59,未知,咸阳,2025-02-24,京东,金卡会员
C00377,汪明霞,女,51,广东,东莞,2024-08-10,抖音,银卡会员
C00378,沈浩,男,33,四川,绵阳,2024-02-02,京东,银卡会员
C00379,唐兰,女,32,山东,青岛,2025-05-22,京东,银卡会员
C00380,张嘉雪,男,21,广东,东莞,2025-08-16,京东,银卡会员
C00381,魏明建,女,44,上海,上海,2025-06-09,京东,普通会员
C00382,郑欣琪,女,50,重庆,重庆,2024-10-30,拼多多,金卡会员
C00383,史晓,男,33,山东,烟台,2025-04-15,天猫,普通会员
C00384,秦嘉雅,女,18,江苏,苏州,2024-10-25,京东,金卡会员
C00385,魏博,男,53,陕西,西安,2024-09-14,天猫,金卡会员
C00386,吕志军,男,27,上海,上海,2024-08-23,京东,银卡会员
C00387,蔡子思,女,43,陕西,西安,2024-05-31,天猫,银卡会员
C00388,夏子,女,20,浙江,宁波,2025-11-28,拼多多,普通会员
C00389,秦玉,男,20,湖北,武汉,2025-04-24,天猫,普通会员
C00390,张敏,女,56,上海,上海,2024-05-05,抖音,银卡会员
C00391,常梦,女,46,浙江,温州,2025-09-14,天猫,普通会员
C00392,田燕,女,18,陕西,西安,2024-04-18,京东,普通会员
C00393,徐鹏强,男,22,江苏,南京,2025-03-03,天猫,钻石会员
C00394,苏娟,男,39,广东,广州,2024-04-29,拼多多,普通会员
C00395,易博,女,47,浙江,宁波,2024-09-17,小程序,普通会员
C00396,邓志墨,男,36,福建,泉州,2025-04-19,天猫,普通会员
C00397,史娜,男,55,湖南,株洲,2025-12-20,小程序,银卡会员
C00398,董艳宇,女,46,安徽,合肥,2025-12-15,京东,普通会员
C00399,黄琪,男,44,浙江,宁波,2025-10-06,抖音,银卡会员
C00400,李超,女,30,上海,上海,2024-06-18,抖音,普通会员
C00401,徐勇俊,男,47,江苏,苏州,2024-03-08,天猫,普通会员
C00402,石欣晨,女,55,湖北,武汉,2025-10-14,京东,普通会员
C00403,徐超丽,女,20,安徽,合肥,2025-10-26,天猫,普通会员
C00404,刘诗,女,49,福建,福州,2024-07-19,抖音,金卡会员
C00405,邹天,女,55,湖北,武汉,2024-01-14,京东,普通会员
C00406,吴曦琴,女,36,上海,上海,2025-04-11,拼多多,普通会员
C00407,徐子,男,50,重庆,重庆,2024-02-24,天猫,普通会员
C00408,许鹏,女,33,北京,北京,2024-01-30,小程序,普通会员
C00409,金静,女,26,广东,东莞,2025-11-05,天猫,普通会员
C00410,孙志,女,53,上海,上海,2024-12-22,抖音,普通会员
C00411,朱明怡,男,31,广东,东莞,2024-03-21,京东,钻石会员
C00412,曾丽,男,50,江苏,无锡,2025-04-16,天猫,普通会员
C00413,杨雨芳,女,31,广东,广州,2024-09-22,天猫,银卡会员
C00414,朱飞宇,女,35,北京,北京,2025-01-21,抖音,银卡会员
C00415,夏玉文,男,47,湖北,武汉,2025-10-09,天猫,普通会员
C00416,蒋佳桂,男,32,上海,上海,2024-06-20,抖音,银卡会员
C00417,王敏,女,52,上海,上海,2025-04-10,小程序,金卡会员
C00418,沈志嘉,男,19,辽宁,大连,2025-08-19,京东,银卡会员
C00419,潘梓,女,18,河南,郑州,2024-11-01,天猫,金卡会员
C00420,冯佑,男,21,四川,成都,2025-11-29,天猫,银卡会员
C00421,钟强,男,29,浙江,温州,2024-11-18,天猫,普通会员
C00422,邱雨,男,20,重庆,重庆,2024-11-26,京东,金卡会员
C00423,邹俊,女,34,江苏,无锡,2025-09-28,拼多多,普通会员
C00424,段伟,女,19,浙江,温州,2025-04-02,京东,银卡会员
C00425,郑晨,男,50,重庆,重庆,2025-09-17,天猫,银卡会员
C00426,沈浩,男,24,四川,成都,2025-07-23,抖音,金卡会员
C00427,郭嘉,男,59,福建,泉州,2025-05-27,京东,金卡会员
C00428,赵志,男,54,湖北,武汉,2024-06-22,抖音,普通会员
C00429,余怡,女,47,山东,济南,2024-10-14,小程序,银卡会员
C00430,王敏俊,男,52,浙江,温州,2025-09-14,京东,普通会员
C00431,徐宇,女,51,江苏,苏州,2025-03-19,京东,银卡会员
C00432,谭远,男,54,浙江,宁波,2024-07-20,拼多多,银卡会员
C00433,萧兰,男,41,江苏,南京,2024-08-23,抖音,普通会员
C00434,袁英兰,男,44,陕西,咸阳,2025-07-12,拼多多,金卡会员
C00435,廖一,男,38,浙江,宁波,2024-05-08,拼多多,普通会员
C00436,马涵,男,44,四川,成都,2024-03-21,抖音,普通会员
C00437,陆晓,男,34,河南,洛阳,2025-07-04,抖音,钻石会员
C00438,林军浩,男,23,河南,郑州,2024-07-26,抖音,银卡会员
C00439,冯桐琪,女,58,北京,北京,2025-07-05,抖音,银卡会员
C00440,秦斌鹏,男,48,北京,北京,2025-01-19,抖音,普通会员
C00441,侯海晓,男,48,安徽,芜湖,2025-12-19,京东,普通会员
C00442,白晨,男,30,山东,济南,2025-01-12,拼多多,普通会员
C00443,常子,女,51,未知,长沙,2025-09-16,天猫,普通会员
C00444,蒋军,女,40,重庆,重庆,2025-09-04,天猫,普通会员
C00445,夏晨,女,21,河南,洛阳,2024-06-01,京东,普通会员
C00446,陈伟,女,59,江苏,南京,2025-12-18,天猫,银卡会员
C00447,程浩娟,女,60,四川,成都,2025-06-20,抖音,普通会员
C00448,汪宇霞,男,55,未知,佛山,2024-03-18,天猫,银卡会员
C00449,于文桐,女,38,山东,未知,2024-01-05,抖音,金卡会员
C00450,范怡浩,女,28,辽宁,大连,2024-07-14,京东,普通会员
C00451,王嘉桐,男,18,四川,成都,2024-01-12,天猫,银卡会员
C00452,蒋琴雨,女,49,北京,北京,2024-09-14,天猫,普通会员
C00453,江刚,男,56,广东,深圳,2025-12-18,京东,普通会员
C00454,文嘉然,男,22,辽宁,沈阳,2024-12-10,拼多多,银卡会员
C00455,赖懿,女,47,广东,广州,2024-01-18,京东,普通会员
C00456,蔡敏,男,19,广东,东莞,2024-12-21,天猫,普通会员
C00457,赖梅燕,女,51,浙江,温州,2024-06-06,京东,金卡会员
C00458,邹霞磊,女,19,广东,广州,2025-09-08,天猫,普通会员
C00459,张艳玉,女,59,北京,北京,2024-03-06,天猫,银卡会员
C00460,石怡静,男,25,四川,未知,2025-07-08,小程序,银卡会员
C00461,宋诺,女,35,浙江,杭州,2024-11-17,天猫,普通会员
C00462,罗婷梓,女,47,广东,广州,2024-01-14,天猫,银卡会员
C00463,徐然,男,54,广东,深圳,2025-04-29,拼多多,普通会员
C00464,江嘉杰,男,33,上海,上海,2024-11-23,抖音,普通会员
C00465,贺晨静,女,60,广东,广州,2025-07-09,京东,钻石会员
C00466,阎航,女,18,福建,福州,2025-03-21,抖音,普通会员
C00467,阎建,男,38,江苏,南京,2025-07-20,小程序,银卡会员
C00468,高雨梦,男,60,浙江,宁波,2024-11-27,天猫,普通会员
C00469,黄泽,女,29,上海,上海,2024-01-06,天猫,普通会员
C00470,刘子,男,40,上海,上海,2024-04-04,拼多多,银卡会员
C00471,杜萱,男,37,广东,广州,2024-11-26,拼多多,银卡会员
C00472,康梅,女,34,广东,东莞,2024-10-13,小程序,普通会员
C00473,姚英欣,男,51,陕西,未知,2025-07-25,京东,银卡会员
C00474,林俊浩,男,40,广东,东莞,2024-10-23,小程序,普通会员
C00475,曾杰,女,48,四川,成都,2025-09-11,京东,普通会员
C00476,蔡涵,女,40,北京,北京,2024-05-15,抖音,银卡会员
C00477,黎兰,女,60,浙江,杭州,2024-10-04,拼多多,银卡会员
C00478,汪杰,男,38,北京,北京,2025-06-28,天猫,普通会员
C00479,汪雨洋,女,52,河南,郑州,2024-03-30,天猫,银卡会员
C00480,叶志,女,44,湖南,长沙,2024-08-19,抖音,普通会员
C00481,郑然,女,52,浙江,杭州,2025-06-25,拼多多,金卡会员
C00482,蔡妍,女,56,浙江,宁波,2025-02-28,天猫,金卡会员
C00483,乔佳,女,27,浙江,温州,2025-07-14,拼多多,普通会员
C00484,侯子刚,女,30,北京,北京,2025-01-06,京东,普通会员
C00485,吴志,女,30,山东,未知,2025-09-10,京东,钻石会员
C00486,蒋梦磊,男,38,江苏,无锡,2025-09-23,京东,金卡会员
C00487,阎雨佳,女,39,浙江,温州,2025-12-02,小程序,普通会员
C00488,郭敏,女,18,辽宁,大连,2024-03-28,天猫,普通会员
C00489,何杰涛,男,56,广东,未知,2025-03-01,抖音,普通会员
C00490,吴天,男,54,北京,北京,2024-03-23,天猫,金卡会员
C00491,姚志浩,女,43,福建,福州,2024-06-13,小程序,金卡会员
C00492,曾文,男,31,江苏,无锡,2024-08-04,拼多多,金卡会员
C00493,马浩,女,53,广东,未知,2025-04-10,天猫,普通会员
C00494,蒋晨,女,29,江苏,南京,2024-11-06,京东,金卡会员
C00495,萧诗雨,男,31,重庆,未知,2025-09-14,京东,普通会员
C00496,廖佑洋,男,60,广东,佛山,2024-08-02,京东,普通会员
C00497,孔军,女,57,江苏,苏州,2025-03-20,拼多多,普通会员
C00498,钱杰,男,43,广东,深圳,2025-07-03,抖音,普通会员
C00499,廖涵,女,25,广东,东莞,2025-12-06,京东,银卡会员
C00500,郝涵雪,男,23,湖北,宜昌,2024-06-25,抖音,普通会员
C00501,马娟,男,59,江苏,南京,2025-06-12,京东,普通会员
C00502,顾敏,女,29,四川,绵阳,2024-03-02,天猫,金卡会员
C00503,何燕,男,47,湖北,未知,2025-01-26,天猫,普通会员
C00504,魏刚,女,33,陕西,未知,2024-10-24,京东,普通会员
C00505,方娜燕,女,39,广东,东莞,2025-11-21,抖音,普通会员
C00506,刘远,男,60,陕西,西安,2025-07-10,天猫,普通会员
C00507,邹桐,男,43,湖北,武汉,2025-10-29,抖音,普通会员
C00508,廖飞,女,36,江苏,苏州,2025-09-04,天猫,银卡会员
C00509,蒋雨,女,35,河南,郑州,2024-10-22,抖音,普通会员
C00510,邱晓玉,女,27,陕西,西安,2025-06-12,天猫,普通会员
C00511,魏懿,女,41,浙江,杭州,2024-01-22,京东,金卡会员
C00512,孟航,男,42,重庆,重庆,2025-02-05,天猫,普通会员
C00513,江怡平,男,22,北京,北京,2024-02-04,京东,银卡会员
C00514,邓欣,女,35,湖北,武汉,2025-06-05,天猫,普通会员
C00515,余欣泽,女,45,安徽,合肥,2025-11-27,京东,金卡会员
C00516,尹雨嘉,女,20,上海,未知,2025-05-05,拼多多,普通会员
C00517,孙志海,男,59,湖南,株洲,2025-08-27,天猫,银卡会员
C00518,谭兰子,女,55,浙江,宁波,2024-06-17,拼多多,银卡会员
C00519,侯天,女,45,湖南,株洲,2025-12-16,抖音,银卡会员
C00520,阎怡曦,男,18,湖北,武汉,2025-01-31,京东,金卡会员
C00521,邓磊文,女,40,江苏,无锡,2025-04-30,抖音,普通会员
C00522,陆子,女,56,上海,上海,2025-07-08,京东,普通会员
C00523,赵敏,男,18,浙江,宁波,2025-04-05,抖音,金卡会员
C00524,郝娟斌,男,52,广东,佛山,2024-08-16,拼多多,金卡会员
C00525,陈娟诺,男,54,广东,未知,2025-03-16,拼多多,普通会员
C00526,陆晨,女,21,上海,上海,2025-04-15,天猫,银卡会员
C00527,赵浩思,男,27,广东,深圳,2025-09-09,抖音,银卡会员
C00528,叶嘉嘉,男,49,江苏,南京,2024-12-12,天猫,银卡会员
C00529,谢鹏,男,57,福建,福州,2024-12-27,京东,金卡会员
C00530,段洋,男,51,福建,泉州,2024-12-28,天猫,金卡会员
C00531,范雪超,男,40,福建,泉州,2024-03-23,天猫,普通会员
C00532,龙玉诗,女,43,浙江,宁波,2024-03-05,抖音,银卡会员
C00533,赵涵,男,40,重庆,重庆,2024-01-15,拼多多,普通会员
C00534,蔡佳,男,42,湖北,武汉,2025-04-24,天猫,普通会员
C00535,冯浩然,男,51,广东,广州,2024-10-28,抖音,金卡会员
C00536,康玉雪,男,20,江苏,南京,2025-09-15,抖音,银卡会员
C00537,汪浩,男,27,山东,济南,2025-05-20,小程序,普通会员
C00538,林思俊,女,20,江苏,苏州,2024-04-11,抖音,银卡会员
C00539,文诺军,女,52,四川,未知,2024-03-13,天猫,普通会员
C00540,丁兰,女,49,安徽,合肥,2024-09-20,天猫,普通会员
C00541,雷懿佳,男,20,广东,广州,2025-10-25,抖音,银卡会员
C00542,白萱飞,女,22,广东,佛山,2024-02-05,天猫,银卡会员
C00543,黎雨志,女,29,安徽,芜湖,2024-05-14,小程序,普通会员
C00544,邱子,男,28,湖北,武汉,2024-01-22,小程序,普通会员
C00545,江诺,男,40,广东,广州,2024-10-24,小程序,银卡会员
C00546,阎斌,女,39,重庆,重庆,2025-12-13,京东,普通会员
C00547,蒋军晨,男,33,陕西,西安,2025-05-07,抖音,金卡会员
C00548,薛浩艳,男,25,四川,未知,2024-12-21,抖音,普通会员
C00549,黎琪艳,女,45,湖北,武汉,2024-04-13,天猫,金卡会员
C00550,段强晨,男,51,浙江,温州,2024-09-12,天猫,普通会员
C00551,谢梅,女,45,广东,广州,2025-01-12,天猫,普通会员
C00552,钟然,男,52,湖北,武汉,2024-07-16,京东,普通会员
C00553,丁静兰,男,57,浙江,杭州,2025-05-22,小程序,银卡会员
C00554,赖然,男,54,山东,烟台,2025-12-06,拼多多,钻石会员
C00555,龙雨,男,46,湖南,株洲,2024-05-28,京东,普通会员
C00556,梁国,女,20,广东,东莞,2024-06-30,抖音,普通会员
C00557,熊英建,女,32,湖北,武汉,2024-03-31,天猫,普通会员
C00558,魏然杰,女,36,江苏,未知,2025-06-06,天猫,银卡会员
C00559,沈琪晓,女,48,未知,咸阳,2024-11-28,天猫,普通会员
C00560,郭诺,男,54,浙江,宁波,2024-07-23,抖音,金卡会员
C00561,潘杰,男,45,湖北,未知,2024-06-06,抖音,普通会员
C00562,胡雨佳,男,33,四川,成都,2024-02-20,拼多多,银卡会员
C00563,卢宇,女,51,上海,上海,2024-12-08,拼多多,金卡会员
C00564,石霞志,女,47,山东,烟台,2025-05-06,天猫,普通会员
C00565,曾晓丽,男,52,福建,福州,2024-06-18,拼多多,普通会员
C00566,史娟,女,43,四川,绵阳,2024-01-02,天猫,金卡会员
C00567,张俊燕,女,45,河南,洛阳,2024-12-06,京东,普通会员
C00568,何平,男,32,安徽,合肥,2025-05-01,京东,银卡会员
C00569,徐磊,女,35,上海,上海,2024-09-05,天猫,金卡会员
C00570,杜霞,女,29,四川,成都,2024-06-29,天猫,普通会员
C00571,孙佳强,女,29,广东,东莞,2024-04-21,天猫,金卡会员
C00572,梁桐,男,46,河南,郑州,2025-06-21,天猫,普通会员
C00573,朱琪,男,34,四川,成都,2025-09-12,小程序,银卡会员
C00574,李晓,女,23,未知,上海,2025-07-08,京东,普通会员
C00575,杜梓,女,19,广东,广州,2025-01-08,京东,普通会员
C00576,武泽俊,女,54,重庆,重庆,2025-06-05,小程序,普通会员
C00577,吴斌,女,36,上海,上海,2024-10-12,抖音,普通会员
C00578,梁诺,男,42,未知,济南,2024-01-18,京东,普通会员
C00579,方勇浩,男,56,江苏,无锡,2024-09-21,小程序,普通会员
C00580,杜梦佳,女,22,辽宁,沈阳,2025-05-21,天猫,银卡会员
C00581,唐雨,男,58,江苏,南京,2025-04-11,天猫,普通会员
C00582,张勇,女,48,江苏,未知,2025-12-13,抖音,普通会员
C00583,谢艳,女,45,陕西,咸阳,2025-12-19,京东,普通会员
C00584,魏泽艳,男,36,重庆,重庆,2024-06-23,拼多多,普通会员
C00585,姜志,男,48,江苏,无锡,2024-01-07,天猫,普通会员
C00586,徐妍曦,男,26,北京,北京,2024-07-16,抖音,普通会员
C00587,谭勇,男,30,福建,福州,2025-09-22,抖音,银卡会员
C00588,余志一,女,59,未知,西安,2025-08-08,小程序,银卡会员
C00589,韩飞萱,男,29,上海,上海,2024-03-12,天猫,银卡会员
C00590,黎博海,男,48,四川,成都,2024-04-25,天猫,普通会员
C00591,万芳,男,58,福建,福州,2025-02-09,小程序,金卡会员
C00592,林浩,男,43,福建,福州,2025-04-20,抖音,银卡会员
C00593,余伟,女,30,河南,郑州,2025-12-08,天猫,银卡会员
C00594,金晓,女,54,四川,成都,2025-06-27,天猫,普通会员
C00595,孙静,女,53,广东,深圳,2024-06-01,拼多多,普通会员
C00596,董子梓,女,41,重庆,重庆,2024-01-27,抖音,普通会员
C00597,冯怡飞,男,22,陕西,西安,2025-04-01,抖音,普通会员
C00598,薛远,女,36,湖南,长沙,2025-02-02,拼多多,银卡会员
C00599,顾磊思,男,36,广东,佛山,2025-10-25,天猫,普通会员
C00600,郑飞,女,26,江苏,南京,2025-02-18,天猫,普通会员
C00601,邓玉然,男,35,福建,福州,2024-12-26,抖音,普通会员
C00602,钟墨,男,24,广东,深圳,2024-08-06,拼多多,普通会员
C00603,傅墨,男,47,安徽,合肥,2024-03-03,天猫,普通会员
C00604,崔天雅,女,36,上海,上海,2025-09-22,抖音,普通会员
C00605,史丽,男,49,福建,厦门,2025-08-17,天猫,普通会员
C00606,范嘉琪,女,37,陕西,西安,2024-04-27,天猫,普通会员
C00607,田伟,男,48,上海,未知,2025-05-21,小程序,银卡会员
C00608,陈华雅,女,49,浙江,杭州,2024-09-19,天猫,金卡会员
C00609,叶琪,女,24,湖北,武汉,2024-11-10,天猫,金卡会员
C00610,许军飞,男,37,湖北,武汉,2025-09-03,拼多多,银卡会员
C00611,文鹏琴,男,50,上海,上海,2025-08-29,京东,普通会员
C00612,赖妍诺,男,43,湖北,武汉,2024-05-17,京东,银卡会员
C00613,李芳涵,女,27,辽宁,大连,2024-08-09,拼多多,金卡会员
C00614,文华,女,53,未知,北京,2025-08-14,天猫,普通会员
C00615,廖斌子,男,26,江苏,苏州,2025-10-22,抖音,普通会员
C00616,何子,男,60,上海,上海,2024-02-26,京东,银卡会员
C00617,周桐,男,48,上海,上海,2025-08-23,天猫,普通会员
C00618,贾然,男,31,广东,佛山,2024-12-18,抖音,银卡会员
C00619,马桂,女,26,江苏,南京,2025-03-01,京东,普通会员
C00620,任丽妍,男,56,山东,济南,2024-02-24,拼多多,普通会员
C00621,冯俊诺,男,40,浙江,杭州,2025-05-04,小程序,银卡会员
C00622,秦敏,女,52,辽宁,大连,2025-05-03,拼多多,银卡会员
C00623,汤英静,女,53,浙江,宁波,2025-04-22,京东,银卡会员
C00624,任诗晓,女,20,广东,深圳,2025-07-23,天猫,金卡会员
C00625,王雅,男,47,河南,洛阳,2025-11-12,拼多多,金卡会员
C00626,郭晓,女,32,陕西,西安,2025-09-03,京东,普通会员
C00627,梁芳,女,57,浙江,温州,2025-06-20,抖音,钻石会员
C00628,魏远妍,女,27,江苏,南京,2025-12-07,拼多多,普通会员
C00629,毛宇,男,19,江苏,苏州,2025-04-30,天猫,普通会员
C00630,程怡,女,46,四川,成都,2025-04-28,天猫,金卡会员
C00631,韩晨,女,41,北京,北京,2025-01-25,抖音,普通会员
C00632,陈军刚,女,41,未知,温州,2025-07-07,抖音,金卡会员
C00633,高国超,女,29,广东,广州,2024-02-21,天猫,普通会员
C00634,张曦,女,39,北京,北京,2024-12-30,抖音,普通会员
C00635,谢建,女,59,辽宁,沈阳,2024-11-02,拼多多,普通会员
C00636,于懿,女,50,山东,青岛,2025-10-19,京东,银卡会员
C00637,程晓静,男,60,北京,北京,2024-02-22,天猫,金卡会员
C00638,贾浩涛,男,32,广东,广州,2025-04-08,抖音,普通会员
C00639,武敏晨,女,55,浙江,温州,2024-05-12,拼多多,普通会员
C00640,康欣,女,34,浙江,宁波,2025-09-28,小程序,普通会员
C00641,马娟,女,58,河南,洛阳,2025-09-05,天猫,普通会员
C00642,易梦曦,女,55,陕西,西安,2024-06-18,拼多多,银卡会员
C00643,黄敏佑,女,25,重庆,重庆,2025-09-19,拼多多,银卡会员
C00644,钟远,女,59,安徽,未知,2024-12-23,抖音,普通会员
C00645,武建,男,44,安徽,合肥,2025-11-30,京东,普通会员
C00646,段英,女,51,辽宁,沈阳,2025-06-09,天猫,银卡会员
C00647,周雨强,男,42,广东,广州,2024-01-25,京东,普通会员
C00648,林梅,女,27,江苏,无锡,2024-05-25,京东,普通会员
C00649,蔡浩杰,女,60,浙江,杭州,2024-10-17,京东,银卡会员
C00650,雷艳刚,男,22,四川,绵阳,2024-06-01,小程序,普通会员
C00651,薛洋,男,52,广东,佛山,2024-04-05,天猫,普通会员
C00652,孙嘉天,男,26,陕西,西安,2025-12-05,小程序,普通会员
C00653,常思诗,女,51,湖北,未知,2025-09-17,京东,银卡会员
C00654,余怡晓,男,36,四川,绵阳,2024-11-08,拼多多,普通会员
C00655,萧娜俊,男,28,未知,南京,2024-06-03,京东,金卡会员
C00656,谭怡,女,28,浙江,宁波,2024-05-10,抖音,普通会员
C00657,傅桂,男,31,江苏,苏州,2025-10-21,抖音,普通会员
C00658,石涵,女,56,陕西,西安,2024-08-26,小程序,银卡会员
C00659,常怡佳,女,51,湖北,武汉,2024-01-10,天猫,普通会员
C00660,乔博,男,46,福建,福州,2024-10-13,天猫,普通会员
C00661,武飞怡,男,45,浙江,宁波,2024-11-23,小程序,普通会员
C00662,郭梓,女,35,上海,上海,2025-03-24,天猫,银卡会员
C00663,康航,女,56,上海,上海,2024-08-31,抖音,普通会员
C00664,王怡,男,29,河南,洛阳,2025-10-26,天猫,金卡会员
C00665,万斌曦,女,58,河南,洛阳,2025-04-08,天猫,普通会员
C00666,唐欣浩,女,34,江苏,苏州,2025-12-11,抖音,普通会员
C00667,程怡懿,男,32,辽宁,沈阳,2024-09-21,抖音,普通会员
C00668,许欣英,女,38,广东,广州,2025-04-14,抖音,普通会员
C00669,苏磊,女,50,重庆,重庆,2024-09-20,京东,金卡会员
C00670,吕子芳,男,48,广东,广州,2025-05-18,拼多多,普通会员
C00671,文梅,女,50,浙江,温州,2025-06-20,小程序,金卡会员
C00672,林强远,男,21,未知,西安,2024-08-19,天猫,普通会员
C00673,范洋刚,男,24,江苏,无锡,2025-11-06,京东,普通会员
C00674,徐伟,男,54,上海,上海,2025-09-09,京东,普通会员
C00675,阎华欣,女,60,未知,北京,2025-10-06,拼多多,银卡会员
C00676,余洋,女,23,未知,杭州,2024-06-05,京东,普通会员
C00677,马艳思,女,56,福建,厦门,2025-05-31,抖音,银卡会员
C00678,卢子,男,29,陕西,咸阳,2024-03-17,京东,金卡会员
C00679,武芳,女,60,陕西,咸阳,2024-03-16,抖音,银卡会员
C00680,冯宇海,女,60,浙江,温州,2025-12-01,拼多多,普通会员
C00681,韩芳,男,45,四川,成都,2024-04-20,京东,银卡会员
C00682,蒋芳霞,男,26,浙江,温州,2025-09-14,京东,普通会员
C00683,文涵曦,女,51,浙江,杭州,2024-11-06,天猫,普通会员
C00684,梁然,男,22,江苏,无锡,2024-08-06,京东,普通会员
C00685,邹嘉丽,女,32,辽宁,大连,2024-02-22,天猫,金卡会员
C00686,钱诗刚,女,45,陕西,西安,2025-05-01,拼多多,普通会员
C00687,丁萱,男,20,河南,郑州,2025-06-03,京东,银卡会员
C00688,胡然斌,女,34,四川,成都,2024-12-02,天猫,银卡会员
C00689,杨桐,女,52,北京,北京,2025-08-06,天猫,普通会员
C00690,张嘉燕,女,21,四川,绵阳,2024-08-20,抖音,普通会员
C00691,康鹏,女,33,四川,绵阳,2025-02-01,小程序,银卡会员
C00692,石军,女,18,北京,北京,2024-07-25,京东,普通会员
C00693,李国,女,46,广东,广州,2025-02-23,天猫,普通会员
C00694,张明妍,男,21,未知,深圳,2024-04-07,京东,普通会员
C00695,康诗懿,男,30,辽宁,沈阳,2024-12-08,小程序,金卡会员
C00696,邹曦建,男,40,北京,北京,2025-01-30,拼多多,普通会员
C00697,黎艳,男,27,辽宁,沈阳,2025-02-04,天猫,普通会员
C00698,姜佑杰,男,27,江苏,南京,2024-11-17,抖音,普通会员
C00699,唐佳,男,53,四川,成都,2025-04-08,拼多多,普通会员
C00700,邓斌一,女,51,江苏,南京,2025-01-03,拼多多,钻石会员
C00701,邵泽华,男,21,浙江,宁波,2024-07-22,京东,普通会员
C00702,孔佑海,男,54,广东,深圳,2024-06-04,拼多多,银卡会员
C00703,黄欣,男,38,广东,广州,2025-04-11,抖音,银卡会员
C00704,龙雪,女,24,重庆,重庆,2025-11-06,天猫,普通会员
C00705,韩雨,男,56,浙江,宁波,2025-06-26,天猫,银卡会员
C00706,潘子,女,32,湖北,宜昌,2025-04-04,京东,钻石会员
C00707,谭杰敏,女,32,北京,北京,2025-10-25,天猫,银卡会员
C00708,蔡桐诺,男,24,上海,上海,2025-10-09,京东,银卡会员
C00709,徐涵,女,56,四川,绵阳,2024-12-30,拼多多,普通会员
C00710,邹欣,男,30,江苏,无锡,2024-03-19,拼多多,金卡会员
C00711,阎敏博,女,43,安徽,芜湖,2025-04-01,天猫,普通会员
C00712,郑晨,男,28,湖南,长沙,2025-03-24,天猫,银卡会员
C00713,张诺琴,女,56,福建,厦门,2024-07-18,抖音,普通会员
C00714,钟然,女,51,北京,北京,2025-09-03,京东,银卡会员
C00715,任雅,男,39,江苏,南京,2025-09-18,天猫,金卡会员
C00716,杨欣,男,32,重庆,重庆,2024-08-26,拼多多,银卡会员
C00717,钱浩雪,男,46,浙江,杭州,2024-12-09,天猫,普通会员
C00718,于梓宇,男,39,广东,深圳,2024-05-20,天猫,银卡会员
C00719,阎航宇,女,58,未知,上海,2024-05-08,拼多多,金卡会员
C00720,谢志,女,46,河南,洛阳,2024-07-09,抖音,银卡会员
C00721,叶勇丽,女,19,湖北,宜昌,2024-09-20,京东,金卡会员
C00722,丁子梓,女,53,河南,洛阳,2024-07-15,抖音,金卡会员
C00723,蔡怡诗,女,26,河南,郑州,2024-04-19,小程序,金卡会员
C00724,林娟,女,30,江苏,苏州,2024-11-17,天猫,普通会员
C00725,方志一,男,36,重庆,重庆,2025-03-24,抖音,普通会员
C00726,姚强,男,26,北京,北京,2024-08-22,天猫,金卡会员
C00727,彭飞志,男,58,山东,青岛,2025-01-19,京东,金卡会员
C00728,龙晨志,男,60,广东,广州,2024-07-14,京东,普通会员
C00729,龙芳,男,24,安徽,芜湖,2025-05-21,京东,普通会员
C00730,曾佳,男,31,浙江,杭州,2025-04-11,天猫,普通会员
C00731,黄斌,男,33,未知,东莞,2025-11-22,拼多多,银卡会员
C00732,蒋雨,男,46,北京,北京,2024-02-08,京东,金卡会员
C00733,袁华,男,43,广东,广州,2025-09-06,拼多多,银卡会员
C00734,于晓,男,47,江苏,苏州,2024-09-02,京东,普通会员
C00735,黄桐海,男,19,湖北,武汉,2024-02-17,拼多多,普通会员
C00736,夏子平,女,40,上海,上海,2025-05-11,抖音,金卡会员
C00737,魏怡,女,27,重庆,重庆,2024-05-03,京东,普通会员
C00738,赖芳,女,27,浙江,杭州,2024-05-06,抖音,普通会员
C00739,黎琴刚,男,51,福建,厦门,2025-12-06,拼多多,普通会员
C00740,邓嘉,男,24,北京,北京,2024-06-08,京东,金卡会员
C00741,朱国,男,19,山东,济南,2025-01-28,京东,普通会员
C00742,赵佳伟,男,38,湖北,宜昌,2024-05-24,抖音,普通会员
C00743,傅雪,男,49,北京,北京,2024-03-30,抖音,普通会员
C00744,方俊,女,39,辽宁,大连,2024-01-01,京东,钻石会员
C00745,秦洋,男,24,上海,上海,2024-01-12,拼多多,普通会员
C00746,陆芳,男,51,江苏,苏州,2024-12-07,京东,普通会员
C00747,蔡娜,女,34,山东,烟台,2024-11-08,京东,普通会员
C00748,秦梓妍,女,48,陕西,西安,2024-01-29,抖音,普通会员
C00749,龙晨,男,26,广东,未知,2024-09-08,小程序,金卡会员
C00750,史诺,男,57,北京,北京,2024-07-15,天猫,银卡会员
C00751,董欣,女,30,重庆,重庆,2025-02-15,天猫,普通会员
C00752,韩敏玉,男,59,河南,洛阳,2025-12-17,天猫,金卡会员
C00753,姜佑琪,女,34,安徽,合肥,2025-05-12,抖音,普通会员
C00754,曹强娜,女,49,四川,成都,2025-10-23,京东,金卡会员
C00755,傅梓,男,39,山东,济南,2024-05-18,京东,普通会员
C00756,侯雨,女,21,浙江,杭州,2024-06-03,天猫,普通会员
C00757,刘磊,男,22,辽宁,沈阳,2025-06-24,拼多多,金卡会员
C00758,任浩雨,男,35,上海,上海,2024-08-11,京东,金卡会员
C00759,杨曦梅,男,26,福建,福州,2025-09-03,抖音,银卡会员
C00760,吕宇,女,44,上海,上海,2024-11-29,天猫,银卡会员
C00761,梁晨,男,23,四川,绵阳,2024-05-24,天猫,金卡会员
C00762,白梅,男,43,福建,厦门,2025-08-30,天猫,银卡会员
C00763,赵涵,女,26,四川,成都,2025-01-31,京东,普通会员
C00764,方丽,男,25,重庆,重庆,2025-07-31,京东,普通会员
C00765,田晨磊,女,33,未知,上海,2024-11-21,天猫,银卡会员
C00766,丁思懿,女,43,山东,青岛,2024-03-31,京东,银卡会员
C00767,韩浩雪,女,35,上海,上海,2025-05-05,天猫,金卡会员
C00768,袁思,女,33,上海,上海,2024-03-30,京东,普通会员
C00769,邹强杰,女,32,北京,北京,2025-04-22,天猫,普通会员
C00770,钟怡婷,男,32,广东,深圳,2024-10-27,天猫,普通会员
C00771,孙娟天,女,35,广东,深圳,2025-07-23,天猫,金卡会员
C00772,苏梦,女,53,山东,烟台,2025-09-18,抖音,普通会员
C00773,萧子,女,42,山东,烟台,2024-10-20,小程序,金卡会员
C00774,曾诺,女,36,山东,青岛,2025-09-27,抖音,普通会员
C00775,于俊晓,女,50,广东,东莞,2024-03-20,天猫,普通会员
C00776,乔佳墨,女,40,浙江,温州,2024-03-18,小程序,金卡会员
C00777,邱强,男,58,江苏,未知,2025-12-16,小程序,普通会员
C00778,董宇,女,42,河南,洛阳,2025-02-17,京东,金卡会员
C00779,徐远,女,27,陕西,咸阳,2024-11-20,天猫,普通会员
C00780,余超,女,42,浙江,杭州,2024-04-22,抖音,普通会员
C00781,秦超诗,男,51,山东,烟台,2024-07-27,小程序,银卡会员
C00782,胡怡,女,27,广东,广州,2025-05-09,拼多多,金卡会员
C00783,沈天怡,女,26,浙江,宁波,2025-08-14,抖音,普通会员
C00784,叶娜,男,43,江苏,无锡,2025-10-21,抖音,普通会员
C00785,邱雪航,女,56,浙江,宁波,2024-10-20,小程序,银卡会员
C00786,李子远,女,32,山东,青岛,2024-11-23,天猫,钻石会员
C00787,吴飞萱,男,39,重庆,重庆,2024-04-27,天猫,金卡会员
C00788,方华,男,46,江苏,南京,2024-02-29,拼多多,金卡会员
C00789,史玉欣,女,46,四川,成都,2024-11-11,天猫,普通会员
C00790,何静,男,24,福建,厦门,2025-02-21,京东,银卡会员
C00791,谢浩嘉,女,34,辽宁,大连,2024-03-16,京东,金卡会员
C00792,汤然晨,男,60,湖北,武汉,2024-10-21,天猫,金卡会员
C00793,吴宇杰,男,56,浙江,杭州,2025-04-06,天猫,金卡会员
C00794,范嘉强,男,51,湖北,宜昌,2025-08-06,抖音,金卡会员
C00795,黄涵,女,19,浙江,杭州,2025-11-06,京东,金卡会员
C00796,梁佑,女,35,安徽,合肥,2024-09-02,抖音,普通会员
C00797,许博雪,女,20,上海,上海,2024-10-09,京东,普通会员
C00798,郝欣,女,30,山东,济南,2025-09-21,小程序,钻石会员
C00799,袁娜,女,55,广东,东莞,2025-05-14,抖音,普通会员
C00800,邓明桂,男,34,上海,上海,2024-07-16,小程序,普通会员
C00801,姜刚,女,25,陕西,西安,2025-05-08,京东,普通会员
C00802,孙刚,女,49,湖北,宜昌,2024-04-23,天猫,银卡会员
C00803,孟磊雪,男,50,北京,未知,2024-11-19,拼多多,金卡会员
C00804,袁俊,女,46,辽宁,大连,2024-08-08,拼多多,金卡会员
C00805,程兰,男,52,陕西,咸阳,2025-12-15,天猫,普通会员
C00806,潘敏梓,男,48,浙江,温州,2024-01-26,抖音,普通会员
C00807,熊琪曦,女,45,四川,成都,2025-09-08,抖音,普通会员
C00808,汪子,女,56,北京,北京,2024-07-21,天猫,金卡会员
C00809,胡杰,男,31,未知,武汉,2024-01-27,抖音,普通会员
C00810,郑晨,女,37,浙江,杭州,2025-04-20,天猫,银卡会员
C00811,武妍,男,42,浙江,杭州,2025-05-03,天猫,银卡会员
C00812,袁怡梦,女,46,重庆,重庆,2024-04-12,拼多多,银卡会员
C00813,贺诺,女,38,重庆,重庆,2024-01-28,京东,银卡会员
C00814,廖欣,男,36,陕西,咸阳,2024-03-21,拼多多,银卡会员
C00815,吴远天,女,25,安徽,芜湖,2024-10-21,抖音,银卡会员
C00816,乔然琪,女,45,福建,厦门,2024-04-05,小程序,普通会员
C00817,史强子,女,23,河南,郑州,2025-05-21,京东,普通会员
C00818,石斌,男,38,河南,郑州,2024-02-25,京东,普通会员
C00819,赖晓,男,35,北京,北京,2025-07-22,京东,普通会员
C00820,宋娟,女,51,北京,北京,2025-09-21,抖音,银卡会员
C00821,徐文,女,38,江苏,无锡,2025-05-31,京东,普通会员
C00822,易芳一,女,18,山东,烟台,2025-11-10,抖音,金卡会员
C00823,杜欣晨,女,39,浙江,温州,2025-11-07,京东,普通会员
C00824,杜文浩,女,27,浙江,温州,2024-02-03,天猫,银卡会员
C00825,黄雨,男,34,湖北,武汉,2024-09-03,拼多多,普通会员
C00826,侯飞,女,30,上海,上海,2025-07-01,拼多多,普通会员
C00827,孟海嘉,女,25,江苏,未知,2024-09-01,京东,普通会员
C00828,曾飞,男,58,湖南,长沙,2025-06-14,抖音,银卡会员
C00829,谢梦航,男,28,陕西,西安,2025-07-11,京东,普通会员
C00830,崔飞,女,39,江苏,南京,2025-12-18,拼多多,银卡会员
C00831,侯浩雨,女,53,广东,佛山,2024-08-25,京东,银卡会员
C00832,廖兰,女,33,浙江,杭州,2024-09-07,抖音,钻石会员
C00833,郝晓嘉,男,58,湖南,株洲,2024-01-18,天猫,银卡会员
C00834,史佳浩,女,35,湖南,株洲,2024-07-24,天猫,银卡会员
C00835,钟刚,男,58,江苏,苏州,2024-07-20,拼多多,金卡会员
C00836,何华,男,37,河南,洛阳,2024-11-22,京东,普通会员
C00837,潘志洋,女,18,广东,广州,2024-10-30,天猫,银卡会员
C00838,赖英佳,女,55,上海,上海,2025-09-08,天猫,普通会员
C00839,乔玉然,女,55,安徽,合肥,2025-07-11,京东,银卡会员
C00840,谭思,女,59,江苏,无锡,2025-06-08,抖音,普通会员
C00841,李一航,女,23,江苏,未知,2024-01-04,京东,普通会员
C00842,赵玉懿,男,54,上海,上海,2024-12-05,拼多多,银卡会员
C00843,常晨,男,32,湖北,宜昌,2025-06-09,拼多多,普通会员
C00844,夏嘉,女,54,辽宁,大连,2024-06-25,京东,普通会员
C00845,贺雅,女,59,安徽,合肥,2024-11-01,拼多多,普通会员
C00846,秦思泽,男,26,广东,深圳,2025-06-07,天猫,金卡会员
C00847,赖博欣,男,33,江苏,南京,2025-07-26,京东,普通会员
C00848,姜梅佳,男,29,河南,洛阳,2025-09-07,天猫,普通会员
C00849,钱远琪,男,31,浙江,杭州,2024-11-05,天猫,钻石会员
C00850,薛建,女,43,陕西,西安,2024-10-14,天猫,金卡会员
C00851,贺雪杰,男,35,山东,济南,2024-10-02,天猫,普通会员
C00852,尹晨,男,46,广东,未知,2025-04-26,拼多多,普通会员
C00853,邓雅,女,46,湖南,长沙,2024-10-29,抖音,普通会员
C00854,田雨,女,26,江苏,苏州,2024-10-15,小程序,金卡会员
C00855,邹泽,男,19,上海,上海,2024-05-01,抖音,普通会员
C00856,汪杰,男,50,四川,成都,2024-12-10,抖音,普通会员
C00857,万俊,男,25,北京,北京,2024-06-19,天猫,普通会员
C00858,姜航鹏,男,26,山东,济南,2025-01-12,抖音,银卡会员
C00859,汤然,男,43,未知,青岛,2025-10-01,京东,普通会员
C00860,韩天建,男,29,安徽,芜湖,2025-07-12,小程序,银卡会员
C00861,邵思,男,26,安徽,合肥,2024-12-10,小程序,普通会员
C00862,邵霞晓,男,31,四川,绵阳,2025-12-04,天猫,银卡会员
C00863,王怡志,男,40,广东,广州,2025-12-06,抖音,金卡会员
C00864,贺玉雨,女,54,福建,厦门,2024-11-15,抖音,普通会员
C00865,文嘉,男,60,安徽,芜湖,2025-07-03,抖音,普通会员
C00866,石嘉,男,49,浙江,温州,2024-09-03,天猫,普通会员
C00867,顾强,女,56,北京,北京,2025-09-24,抖音,银卡会员
C00868,王天丽,男,40,上海,上海,2024-09-25,拼多多,普通会员
C00869,黄婷,女,35,未知,东莞,2024-07-04,京东,银卡会员
C00870,尹曦,女,53,山东,济南,2024-04-06,京东,普通会员
C00871,秦娟文,女,31,上海,上海,2025-08-29,天猫,银卡会员
C00872,崔雨欣,男,52,河南,未知,2024-08-01,小程序,银卡会员
C00873,潘飞雨,女,60,湖南,株洲,2025-08-08,天猫,普通会员
C00874,尹嘉超,女,34,湖南,长沙,2024-03-03,天猫,普通会员
C00875,王飞涵,男,45,未知,上海,2024-12-26,京东,银卡会员
C00876,侯静,男,51,浙江,宁波,2024-11-04,拼多多,普通会员
C00877,唐诗,男,51,河南,洛阳,2024-11-11,抖音,银卡会员
C00878,杜强雨,女,26,湖南,株洲,2024-04-30,天猫,钻石会员
C00879,姜雨,男,59,北京,北京,2024-02-23,天猫,普通会员
C00880,孔英博,男,39,重庆,重庆,2024-09-06,拼多多,普通会员
C00881,余俊,女,19,江苏,南京,2024-12-04,京东,普通会员
C00882,张娜敏,女,23,未知,西安,2025-07-25,天猫,普通会员
C00883,潘晨嘉,男,49,广东,深圳,2024-11-28,小程序,钻石会员
C00884,邓嘉然,男,36,江苏,南京,2024-06-26,天猫,钻石会员
C00885,宋嘉玉,男,22,四川,成都,2024-07-07,京东,普通会员
C00886,唐怡嘉,女,40,广东,广州,2025-03-16,天猫,钻石会员
C00887,侯怡,女,43,广东,广州,2024-11-09,拼多多,普通会员
C00888,郑平,女,21,广东,广州,2025-10-10,拼多多,钻石会员
C00889,丁俊,男,33,北京,北京,2024-11-12,京东,金卡会员
C00890,何明志,男,37,河南,郑州,2025-02-12,抖音,普通会员
C00891,顾欣华,男,51,广东,佛山,2024-02-16,小程序,银卡会员
C00892,易梦,男,46,山东,未知,2024-05-19,拼多多,银卡会员
C00893,李欣,女,21,湖南,长沙,2025-09-04,京东,普通会员
C00894,周桂,女,44,江苏,苏州,2024-09-05,京东,普通会员
C00895,吴佳怡,男,56,江苏,苏州,2024-10-30,拼多多,银卡会员
C00896,彭斌,女,20,陕西,西安,2025-03-01,天猫,普通会员
C00897,卢梓建,男,60,湖南,长沙,2024-02-11,天猫,普通会员
C00898,赖刚,女,22,四川,成都,2024-12-30,天猫,普通会员
C00899,戴嘉,男,44,湖南,长沙,2024-09-06,拼多多,银卡会员
C00900,蒋艳,女,33,未知,深圳,2024-04-17,天猫,普通会员
C00901,黄志,男,49,上海,上海,2024-10-28,京东,普通会员
C00902,万杰佑,女,54,福建,福州,2024-11-17,抖音,普通会员
C00903,程子,女,54,浙江,宁波,2024-05-14,天猫,普通会员
C00904,郭强芳,女,55,河南,洛阳,2025-01-26,京东,银卡会员
C00905,高梅,女,53,四川,绵阳,2025-06-21,京东,普通会员
C00906,曾燕,男,31,河南,郑州,2024-07-11,天猫,银卡会员
C00907,钱佑曦,女,38,北京,北京,2025-11-26,小程序,普通会员
C00908,蒋思,男,48,上海,上海,2025-03-16,天猫,银卡会员
C00909,吴雅刚,女,25,江苏,南京,2025-07-10,拼多多,普通会员
C00910,程俊,男,42,江苏,苏州,2024-02-20,京东,金卡会员
C00911,韩雨浩,男,40,河南,洛阳,2025-07-06,天猫,普通会员
C00912,郑懿,女,60,广东,广州,2024-08-30,天猫,金卡会员
C00913,吕建,男,20,广东,深圳,2025-05-26,京东,普通会员
C00914,乔海华,女,22,江苏,南京,2025-08-02,京东,普通会员
C00915,吕一平,男,19,江苏,南京,2024-06-29,天猫,银卡会员
C00916,姚飞涛,女,41,湖南,长沙,2024-07-05,小程序,普通会员
C00917,宋勇,女,41,上海,上海,2024-02-12,京东,普通会员
C00918,马雨斌,女,43,安徽,芜湖,2025-03-11,小程序,金卡会员
C00919,孔文俊,男,28,江苏,南京,2025-07-11,天猫,银卡会员
C00920,邱敏梦,男,31,山东,济南,2024-10-22,天猫,银卡会员
C00921,方建,男,35,北京,北京,2024-04-25,抖音,钻石会员
C00922,邓桂,男,20,上海,上海,2024-08-15,天猫,普通会员
C00923,江文,女,50,陕西,西安,2024-10-17,天猫,普通会员
C00924,邓华博,男,20,安徽,芜湖,2025-10-21,天猫,金卡会员
C00925,万海,男,46,陕西,西安,2024-03-30,天猫,普通会员
C00926,于敏,男,37,江苏,南京,2024-09-04,拼多多,普通会员
C00927,乔诗怡,女,60,江苏,苏州,2025-04-04,京东,普通会员
C00928,邓杰,男,47,山东,济南,2024-06-19,小程序,普通会员
C00929,常航涵,男,38,浙江,杭州,2025-09-29,天猫,普通会员
C00930,熊俊,女,48,福建,泉州,2025-10-16,京东,普通会员
C00931,秦涵欣,男,23,四川,绵阳,2024-09-30,京东,银卡会员
C00932,彭浩,女,25,四川,绵阳,2025-06-21,京东,银卡会员
C00933,钱建,男,39,湖南,株洲,2025-06-28,拼多多,金卡会员
C00934,廖雨雨,女,54,福建,福州,2025-05-05,拼多多,普通会员
C00935,萧一诗,女,53,广东,佛山,2024-05-14,天猫,普通会员
C00936,萧诺嘉,女,34,广东,深圳,2024-02-05,京东,银卡会员
C00937,顾子,女,30,湖北,武汉,2024-09-07,拼多多,普通会员
C00938,万国,女,59,北京,北京,2024-04-04,天猫,普通会员
C00939,赖琪,男,42,浙江,杭州,2024-07-29,抖音,银卡会员
C00940,邹嘉艳,女,23,上海,上海,2025-04-04,天猫,银卡会员
C00941,张浩,女,27,河南,郑州,2025-02-27,京东,普通会员
C00942,熊梓艳,女,53,湖南,株洲,2024-05-30,京东,银卡会员
C00943,冯琴娟,女,56,四川,绵阳,2024-01-13,京东,银卡会员
C00944,蒋思,男,57,上海,上海,2024-06-11,拼多多,金卡会员
C00945,韩雨军,男,18,浙江,杭州,2024-11-23,抖音,普通会员
C00946,万杰思,男,53,四川,绵阳,2025-07-14,小程序,银卡会员
C00947,许鹏浩,男,22,浙江,杭州,2024-09-19,抖音,银卡会员
C00948,范航,男,52,四川,成都,2024-07-24,京东,普通会员
C00949,周娜懿,男,55,山东,济南,2025-01-31,京东,银卡会员
C00950,田海杰,女,33,广东,广州,2024-02-21,京东,银卡会员
C00951,曾佑墨,女,26,广东,广州,2024-06-11,拼多多,普通会员
C00952,罗涛,女,48,江苏,无锡,2024-01-27,天猫,普通会员
C00953,文涵浩,女,20,重庆,重庆,2025-01-13,小程序,普通会员
C00954,田海,男,42,山东,青岛,2024-11-15,抖音,银卡会员
C00955,张佳丽,男,32,江苏,南京,2025-02-23,抖音,普通会员
C00956,孔霞萱,女,36,重庆,重庆,2025-03-20,京东,普通会员
C00957,魏明,女,53,北京,北京,2024-10-11,抖音,普通会员
C00958,余杰,女,60,北京,北京,2025-09-17,抖音,银卡会员
C00959,何超桐,女,35,辽宁,大连,2025-10-23,抖音,银卡会员
C00960,傅伟,女,30,广东,深圳,2024-03-20,天猫,普通会员
C00961,沈诺,女,53,江苏,苏州,2025-10-24,抖音,普通会员
C00962,赖涵雨,女,35,湖北,武汉,2024-05-21,京东,普通会员
C00963,贾文,女,26,江苏,苏州,2024-06-27,抖音,普通会员
C00964,蔡浩,男,56,山东,济南,2025-01-16,抖音,银卡会员
C00965,曾桂,男,60,江苏,南京,2024-01-22,天猫,普通会员
C00966,赵欣,男,30,广东,广州,2024-09-19,拼多多,银卡会员
C00967,文雨,女,24,江苏,无锡,2024-05-20,京东,银卡会员
C00968,袁涛,女,24,上海,上海,2024-12-13,抖音,金卡会员
C00969,汪俊浩,男,43,江苏,南京,2025-08-09,抖音,普通会员
C00970,于丽宇,男,31,江苏,南京,2025-10-27,抖音,普通会员
C00971,彭国佳,女,44,陕西,咸阳,2024-06-01,拼多多,普通会员
C00972,朱诺,男,50,浙江,宁波,2025-01-27,天猫,金卡会员
C00973,唐浩雅,女,18,上海,上海,2024-12-07,天猫,银卡会员
C00974,曾浩,男,54,广东,广州,2024-10-25,抖音,银卡会员
C00975,雷杰,男,19,上海,上海,2025-03-31,天猫,银卡会员
C00976,龚懿嘉,男,22,浙江,宁波,2025-12-13,天猫,普通会员
C00977,方静敏,男,49,湖北,武汉,2024-10-18,天猫,银卡会员
C00978,郭志,男,44,江苏,无锡,2024-02-16,京东,金卡会员
C00979,田怡琴,男,60,陕西,未知,2025-10-21,小程序,普通会员
C00980,廖嘉杰,男,42,辽宁,沈阳,2025-11-02,天猫,钻石会员
C00981,段雨,男,35,广东,佛山,2024-08-20,京东,金卡会员
C00982,陆泽思,女,46,广东,深圳,2024-12-27,小程序,钻石会员
C00983,马华,男,50,广东,广州,2025-09-13,小程序,金卡会员
C00984,宋霞,男,46,湖北,武汉,2024-12-28,天猫,普通会员
C00985,林琴艳,男,33,广东,广州,2024-12-12,拼多多,银卡会员
C00986,廖鹏洋,女,59,陕西,未知,2025-10-25,天猫,普通会员
C00987,谢墨,女,30,河南,郑州,2025-08-19,拼多多,银卡会员
C00988,罗佳嘉,女,32,湖南,长沙,2024-12-31,天猫,普通会员
C00989,吴婷,女,29,四川,成都,2024-04-26,京东,金卡会员
C00990,罗雪婷,男,30,安徽,合肥,2024-11-11,天猫,普通会员
C00991,任佑雪,女,27,广东,广州,2025-05-02,抖音,普通会员
C00992,石然雪,男,42,上海,未知,2024-07-15,天猫,普通会员
C00993,乔建洋,女,49,浙江,杭州,2025-01-21,京东,银卡会员
C00994,郝娜燕,男,36,辽宁,沈阳,2025-04-19,抖音,普通会员
C00995,郝诺杰,男,57,湖北,武汉,2024-03-02,天猫,普通会员
C00996,罗雅怡,女,38,湖南,长沙,2025-02-14,拼多多,普通会员
C00997,方曦晨,女,38,江苏,南京,2025-06-15,京东,普通会员
C00998,万怡,女,20,安徽,芜湖,2024-06-03,天猫,钻石会员
C00999,邹静怡,男,56,北京,北京,2025-01-29,天猫,普通会员
C01000,贾妍,男,24,北京,北京,2025-05-25,京东,普通会员
C01001,汤浩静,男,25,安徽,芜湖,2024-02-01,天猫,普通会员
C01002,钱博,男,58,上海,上海,2025-04-08,京东,普通会员
C01003,常平芳,女,40,上海,上海,2024-07-06,抖音,普通会员
C01004,汪静,男,20,湖北,宜昌,2024-10-13,京东,普通会员
C01005,贺斌,女,36,广东,东莞,2025-04-11,京东,普通会员
C01006,石雨,男,43,浙江,温州,2024-01-04,拼多多,普通会员
C01007,金玉,女,18,江苏,未知,2024-01-13,京东,普通会员
C01008,段浩妍,女,50,广东,深圳,2024-11-17,抖音,银卡会员
C01009,汤子,女,46,陕西,西安,2025-11-14,拼多多,普通会员
C01010,郝晓,男,18,湖北,武汉,2024-01-05,天猫,银卡会员
C01011,周晨,男,44,上海,上海,2025-07-21,抖音,银卡会员
C01012,廖怡然,男,27,上海,上海,2024-02-23,小程序,金卡会员
C01013,何静磊,女,49,北京,北京,2024-12-18,京东,普通会员
C01014,林艳杰,男,34,湖北,武汉,2024-11-06,小程序,银卡会员
C01015,郭浩海,男,26,重庆,重庆,2024-12-03,京东,金卡会员
C01016,孙诗,女,39,辽宁,大连,2024-02-28,抖音,钻石会员
C01017,段超,女,37,上海,上海,2025-06-26,京东,金卡会员
C01018,沈玉,女,32,浙江,杭州,2024-07-17,天猫,普通会员
C01019,胡琴杰,男,55,北京,北京,2025-07-09,小程序,钻石会员
C01020,谭怡雨,女,45,四川,成都,2025-04-16,天猫,金卡会员
C01021,刘志,男,38,北京,北京,2025-01-31,小程序,普通会员
C01022,尹雨,男,27,山东,青岛,2024-08-10,抖音,普通会员
C01023,宋晓,女,42,四川,成都,2025-04-14,小程序,金卡会员
C01024,廖诺,女,19,浙江,宁波,2025-12-19,小程序,普通会员
C01025,易宇,女,56,上海,上海,2025-10-26,抖音,银卡会员
C01026,戴娜涵,男,18,上海,未知,2025-10-21,小程序,普通会员
C01027,侯艳婷,男,48,广东,东莞,2024-06-07,拼多多,银卡会员
C01028,吕雨,女,32,江苏,苏州,2025-02-25,京东,普通会员
C01029,钟勇,女,48,福建,福州,2024-10-13,抖音,银卡会员
C01030,苏斌怡,男,33,上海,上海,2025-11-27,天猫,普通会员
C01031,任文,男,19,江苏,无锡,2025-11-15,天猫,金卡会员
C01032,段怡,女,58,四川,成都,2025-09-16,天猫,普通会员
C01033,张梦,女,50,河南,郑州,2024-04-27,京东,普通会员
C01034,袁静,男,19,浙江,温州,2024-08-17,天猫,普通会员
C01035,白梓,女,19,湖南,株洲,2025-05-27,京东,普通会员
C01036,吕雨燕,女,40,辽宁,沈阳,2025-06-23,抖音,钻石会员
C01037,夏涛,男,59,湖北,武汉,2024-09-09,抖音,普通会员
C01038,贺琪,女,42,山东,济南,2024-04-08,拼多多,普通会员
C01039,高强,女,18,广东,深圳,2024-04-08,小程序,金卡会员
C01040,蒋平磊,女,48,辽宁,沈阳,2025-05-07,拼多多,普通会员
C01041,蔡建,女,36,上海,未知,2024-11-23,抖音,普通会员
C01042,廖梅泽,女,45,重庆,重庆,2024-12-19,天猫,银卡会员
C01043,罗梓佳,女,33,湖北,武汉,2025-08-10,小程序,普通会员
C01044,朱欣艳,男,18,广东,深圳,2024-01-13,天猫,金卡会员
C01045,阎强,女,18,未知,广州,2025-06-27,天猫,银卡会员
C01046,雷静,男,45,山东,济南,2024-07-16,京东,普通会员
C01047,傅远,男,45,四川,未知,2025-11-01,抖音,银卡会员
C01048,戴宇,女,31,广东,广州,2025-11-18,抖音,金卡会员
C01049,崔航,女,21,福建,厦门,2024-12-27,天猫,普通会员
C01050,冯艳,女,51,陕西,西安,2024-08-15,拼多多,银卡会员
C01051,周志,女,24,北京,北京,2024-06-16,天猫,普通会员
C01052,林天然,女,26,北京,北京,2024-05-10,京东,普通会员
C01053,孙欣,男,37,广东,东莞,2025-12-20,京东,银卡会员
C01054,彭玉然,女,48,河南,洛阳,2024-05-15,京东,普通会员
C01055,李宇,女,60,浙江,宁波,2024-11-17,拼多多,普通会员
C01056,廖然远,男,44,陕西,咸阳,2024-12-11,天猫,普通会员
C01057,孔博晨,女,59,上海,上海,2025-05-04,天猫,银卡会员
C01058,马军,女,46,四川,绵阳,2025-08-29,天猫,银卡会员
C01059,乔文,男,54,浙江,宁波,2025-02-05,拼多多,普通会员
C01060,江雨,女,25,江苏,南京,2025-06-29,小程序,普通会员
C01061,尹国萱,男,20,河南,洛阳,2025-02-12,抖音,金卡会员
C01062,龙俊强,男,46,北京,北京,2024-11-10,抖音,普通会员
C01063,萧杰桐,男,59,四川,成都,2024-04-23,小程序,普通会员
C01064,黄琪佑,男,49,安徽,合肥,2024-05-30,天猫,普通会员
C01065,苏杰,男,32,辽宁,沈阳,2024-11-07,天猫,银卡会员
C01066,傅雪强,女,39,陕西,西安,2024-02-03,京东,普通会员
C01067,梁俊,男,22,江苏,苏州,2024-08-15,天猫,金卡会员
C01068,孙琴,女,32,湖北,宜昌,2024-11-29,京东,银卡会员
C01069,卢艳婷,女,47,未知,未知,2024-12-06,京东,普通会员
C01070,刘刚,男,25,上海,上海,2025-08-09,京东,银卡会员
C01071,黎霞,男,38,广东,广州,2025-11-27,京东,普通会员
C01072,李刚,女,30,未知,株洲,2025-06-09,京东,普通会员
C01073,郑诺墨,女,39,北京,北京,2024-02-27,天猫,银卡会员
C01074,汤雨,女,50,四川,成都,2024-10-21,拼多多,普通会员
C01075,谭怡,男,56,安徽,合肥,2025-06-09,抖音,金卡会员
C01076,文婷,女,35,湖北,武汉,2025-03-04,天猫,银卡会员
C01077,常华浩,女,53,上海,上海,2024-11-25,天猫,普通会员
C01078,袁晨刚,女,48,上海,上海,2024-11-10,天猫,钻石会员
C01079,顾芳,男,57,上海,上海,2024-10-19,天猫,普通会员
C01080,乔诗妍,女,49,广东,深圳,2025-02-20,天猫,普通会员
C01081,杜燕,男,41,河南,郑州,2024-05-08,天猫,普通会员
C01082,邱鹏,女,46,湖南,长沙,2025-01-07,拼多多,钻石会员
C01083,白涛,女,31,浙江,杭州,2024-05-28,拼多多,普通会员
C01084,姜桐雪,女,46,浙江,杭州,2025-05-05,拼多多,普通会员
C01085,贾勇,男,48,陕西,西安,2025-09-14,抖音,普通会员
C01086,雷平浩,女,44,广东,深圳,2024-12-31,抖音,普通会员
C01087,林俊,男,22,四川,成都,2024-10-06,拼多多,普通会员
C01088,罗兰,女,40,北京,北京,2025-11-08,拼多多,银卡会员
C01089,陆娟,女,48,山东,青岛,2025-04-19,拼多多,金卡会员
C01090,康超,女,26,江苏,苏州,2024-11-04,拼多多,银卡会员
C01091,陆涛杰,女,51,山东,济南,2024-01-21,拼多多,普通会员
C01092,姜雨天,女,54,上海,上海,2024-01-12,抖音,普通会员
C01093,田远思,女,41,湖北,未知,2024-06-08,天猫,普通会员
C01094,朱琪伟,女,59,广东,深圳,2024-06-19,天猫,普通会员
C01095,文然,女,54,北京,北京,2025-06-03,京东,银卡会员
C01096,傅刚,女,38,四川,成都,2024-12-26,天猫,普通会员
C01097,蒋梅诺,女,56,江苏,苏州,2025-12-20,天猫,金卡会员
C01098,侯鹏思,女,58,江苏,苏州,2025-01-24,天猫,普通会员
C01099,孔鹏,男,22,江苏,南京,2025-10-12,京东,银卡会员
C01100,廖雪强,女,60,上海,上海,2025-02-01,小程序,金卡会员
C01101,姜宇,男,18,广东,佛山,2024-09-14,京东,银卡会员
C01102,叶雨桂,男,38,辽宁,沈阳,2025-05-29,天猫,金卡会员
C01103,冯洋,女,58,上海,上海,2024-11-19,京东,金卡会员
C01104,范佑兰,男,49,湖南,长沙,2024-07-16,京东,银卡会员
C01105,余志燕,女,29,安徽,合肥,2024-12-06,抖音,普通会员
C01106,孙桐,女,45,广东,深圳,2025-04-23,抖音,普通会员
C01107,夏明,男,27,山东,济南,2024-09-27,天猫,金卡会员
C01108,田敏嘉,男,28,陕西,咸阳,2025-05-21,京东,普通会员
C01109,田浩伟,男,57,湖北,武汉,2025-12-07,天猫,钻石会员
C01110,宋明,男,20,北京,北京,2024-10-23,抖音,普通会员
C01111,常嘉玉,女,59,北京,北京,2024-07-31,小程序,银卡会员
C01112,郭晨海,女,37,广东,佛山,2024-10-16,小程序,普通会员
C01113,侯梅,女,20,四川,绵阳,2025-08-26,天猫,钻石会员
C01114,彭曦,男,51,安徽,合肥,2024-05-08,拼多多,普通会员
C01115,陈子,女,20,辽宁,沈阳,2025-12-02,拼多多,普通会员
C01116,于琪,男,31,广东,深圳,2024-10-25,拼多多,金卡会员
C01117,沈晨曦,女,28,福建,未知,2025-08-28,天猫,普通会员
C01118,黎宇,女,51,浙江,温州,2025-07-20,京东,普通会员
C01119,何建雪,男,35,重庆,重庆,2025-07-18,天猫,金卡会员
C01120,史玉,女,46,广东,广州,2025-10-16,天猫,金卡会员
C01121,龙然,女,21,辽宁,沈阳,2024-05-13,抖音,普通会员
C01122,何芳,男,47,湖南,株洲,2025-03-03,京东,银卡会员
C01123,马懿子,女,48,广东,佛山,2024-03-12,天猫,普通会员
C01124,邱洋,女,30,广东,广州,2024-08-03,拼多多,普通会员
C01125,李梦飞,男,55,湖南,株洲,2024-01-30,京东,银卡会员
C01126,邓萱杰,男,38,江苏,无锡,2025-05-06,小程序,普通会员
C01127,魏强,女,46,四川,成都,2025-03-13,拼多多,普通会员
C01128,余诗远,女,25,重庆,重庆,2025-06-16,拼多多,普通会员
C01129,沈嘉,女,58,四川,绵阳,2024-05-06,拼多多,金卡会员
C01130,戴远晨,女,28,上海,上海,2024-08-27,天猫,银卡会员
C01131,熊志飞,女,44,北京,北京,2025-05-01,天猫,普通会员
C01132,任怡,男,21,未知,东莞,2025-08-18,小程序,金卡会员
C01133,郝国丽,男,19,安徽,合肥,2025-09-29,天猫,金卡会员
C01134,陆远,男,23,浙江,温州,2024-02-23,京东,普通会员
C01135,秦一静,女,58,江苏,无锡,2024-10-16,抖音,钻石会员
C01136,熊志晨,女,27,浙江,温州,2024-01-08,天猫,普通会员
C01137,钱杰,女,55,辽宁,大连,2025-08-12,天猫,普通会员
C01138,傅浩,男,42,广东,广州,2024-03-29,京东,普通会员
C01139,常建,女,21,未知,西安,2025-08-14,京东,普通会员
C01140,马桂,女,36,福建,厦门,2024-04-22,抖音,银卡会员
C01141,田浩婷,男,38,湖南,株洲,2024-01-12,天猫,银卡会员
C01142,彭然涛,男,29,安徽,合肥,2025-09-24,京东,金卡会员
C01143,邱刚,女,43,湖南,长沙,2024-11-11,天猫,普通会员
C01144,吕华敏,女,55,辽宁,未知,2024-11-01,抖音,普通会员
C01145,崔晨怡,女,56,广东,广州,2025-04-10,天猫,普通会员
C01146,邵艳,男,40,河南,郑州,2024-07-16,天猫,普通会员
C01147,梁浩,女,56,四川,绵阳,2025-05-12,拼多多,钻石会员
C01148,武梅平,男,57,四川,绵阳,2024-11-04,天猫,银卡会员
C01149,唐然宇,男,21,重庆,未知,2024-07-15,拼多多,银卡会员
C01150,程俊,女,45,未知,芜湖,2024-10-11,天猫,银卡会员
C01151,于兰,男,51,福建,泉州,2024-01-05,天猫,普通会员
C01152,孙伟志,女,18,北京,北京,2024-08-05,京东,普通会员
C01153,汪梦国,女,43,北京,北京,2025-03-01,拼多多,普通会员
C01154,郑琪诺,男,57,上海,上海,2024-04-09,京东,金卡会员
C01155,张宇,男,29,上海,上海,2024-03-26,天猫,普通会员
C01156,袁子华,女,54,上海,上海,2025-04-17,抖音,普通会员
C01157,钱建强,男,58,广东,广州,2024-11-04,京东,银卡会员
C01158,胡子,男,45,广东,佛山,2024-04-08,拼多多,普通会员
C01159,周嘉,男,45,河南,洛阳,2025-06-22,小程序,普通会员
C01160,钱敏梦,男,40,北京,北京,2025-07-12,京东,普通会员
C01161,朱怡欣,女,35,辽宁,大连,2024-01-26,京东,普通会员
C01162,廖佑,女,37,湖北,武汉,2024-05-25,京东,普通会员
C01163,范平,男,40,广东,佛山,2024-09-23,小程序,金卡会员
C01164,傅伟,女,38,江苏,南京,2025-06-10,京东,银卡会员
C01165,易俊妍,男,53,江苏,南京,2024-02-23,天猫,普通会员
C01166,张燕芳,女,51,安徽,合肥,2025-08-03,小程序,银卡会员
C01167,高浩,男,32,江苏,南京,2024-08-17,小程序,银卡会员
C01168,龙娟妍,女,40,四川,成都,2024-03-31,京东,银卡会员
C01169,苏梅佑,男,27,辽宁,沈阳,2025-09-13,京东,金卡会员
C01170,高嘉飞,女,25,安徽,合肥,2024-03-03,抖音,金卡会员
C01171,袁敏,男,33,江苏,南京,2024-04-03,拼多多,普通会员
C01172,曾欣泽,女,20,广东,广州,2025-11-14,京东,普通会员
C01173,张刚志,男,54,江苏,南京,2025-01-09,京东,普通会员
C01174,钱国曦,女,23,广东,深圳,2024-11-29,京东,普通会员
C01175,潘欣,女,32,江苏,未知,2025-05-09,京东,钻石会员
C01176,姜懿,男,28,四川,成都,2025-03-29,天猫,银卡会员
C01177,徐曦敏,男,26,重庆,重庆,2025-03-17,拼多多,普通会员
C01178,田欣,男,33,四川,绵阳,2024-01-17,天猫,钻石会员
C01179,李雅琪,女,48,湖北,武汉,2025-02-01,京东,银卡会员
C01180,赵斌,女,56,江苏,无锡,2024-07-19,拼多多,普通会员
C01181,江婷琪,女,26,湖南,株洲,2025-08-04,京东,金卡会员
C01182,康梦,男,28,湖北,武汉,2024-12-29,京东,普通会员
C01183,彭兰,女,38,陕西,西安,2024-03-30,小程序,普通会员
C01184,苏宇海,男,31,辽宁,沈阳,2025-09-30,天猫,普通会员
C01185,余明远,男,52,上海,上海,2024-07-23,拼多多,金卡会员
C01186,龙志斌,男,27,广东,东莞,2024-07-14,天猫,普通会员
C01187,丁琪,女,35,江苏,无锡,2025-11-05,京东,普通会员
C01188,朱浩佳,女,41,北京,北京,2025-07-12,抖音,银卡会员
C01189,何俊妍,女,34,辽宁,沈阳,2025-09-10,京东,金卡会员
C01190,陈文,男,44,上海,上海,2025-04-21,抖音,普通会员
C01191,阎航然,男,52,河南,郑州,2025-10-17,天猫,普通会员
C01192,钱晨诗,女,40,四川,绵阳,2024-03-23,抖音,钻石会员
C01193,郝然,女,37,江苏,南京,2025-03-07,天猫,银卡会员
C01194,阎天宇,男,58,浙江,杭州,2024-07-30,拼多多,普通会员
C01195,叶磊,男,60,山东,烟台,2024-10-13,抖音,普通会员
C01196,刘静妍,女,60,山东,烟台,2024-06-20,京东,普通会员
C01197,范然远,女,18,北京,北京,2024-05-27,天猫,银卡会员
C01198,唐丽,女,54,江苏,南京,2024-11-14,京东,银卡会员
C01199,许嘉,男,56,福建,厦门,2025-10-23,抖音,银卡会员
C01200,曹浩懿,女,52,江苏,无锡,2025-04-02,天猫,普通会员
C01201,龙琪,男,50,辽宁,沈阳,2024-09-08,抖音,金卡会员
C01202,杜然敏,女,33,江苏,苏州,2024-11-08,天猫,普通会员
C01203,梁霞琴,男,49,广东,深圳,2025-01-16,天猫,金卡会员
C01204,秦杰,男,42,北京,北京,2024-06-25,拼多多,普通会员
C01205,蔡琪婷,男,53,四川,成都,2025-01-10,天猫,普通会员
C01206,文雨然,男,33,四川,成都,2025-05-16,天猫,普通会员
C01207,薛怡,男,49,北京,北京,2024-06-24,抖音,普通会员
C01208,丁然婷,女,51,安徽,芜湖,2025-02-24,抖音,普通会员
C01209,蒋强曦,女,53,北京,北京,2025-05-25,天猫,银卡会员
C01210,文明,女,25,北京,未知,2025-01-08,天猫,金卡会员
C01211,史欣嘉,男,55,未知,上海,2024-07-29,京东,普通会员
C01212,魏俊,男,27,广东,东莞,2025-02-03,抖音,普通会员
C01213,冯航,女,58,湖北,宜昌,2025-07-25,京东,普通会员
C01214,贺雨,男,19,江苏,苏州,2024-06-08,抖音,金卡会员
C01215,潘梅懿,男,27,山东,青岛,2025-02-17,拼多多,普通会员
C01216,邹涵俊,女,44,广东,东莞,2025-05-04,小程序,普通会员
C01217,史然,女,41,安徽,芜湖,2024-08-19,京东,普通会员
C01218,孟萱宇,男,47,北京,北京,2024-10-06,天猫,普通会员
C01219,邹欣,女,35,重庆,重庆,2025-10-01,天猫,银卡会员
C01220,沈娜,女,18,北京,北京,2024-09-18,天猫,普通会员
C01221,周晨,男,44,广东,深圳,2025-03-06,京东,普通会员
C01222,苏雨刚,女,39,湖南,长沙,2024-04-17,拼多多,金卡会员
C01223,萧国志,男,39,山东,烟台,2025-10-28,京东,普通会员
C01224,孟洋,男,34,河南,洛阳,2025-03-05,天猫,银卡会员
C01225,谢涛佑,女,56,北京,北京,2025-07-01,京东,普通会员
C01226,杜宇泽,女,52,山东,烟台,2025-03-09,小程序,金卡会员
C01227,刘婷,男,25,陕西,西安,2024-09-12,天猫,银卡会员
C01228,余明,男,19,湖北,宜昌,2024-09-02,拼多多,普通会员
C01229,邹诗,女,25,上海,上海,2025-05-19,拼多多,金卡会员
C01230,曾梦,男,20,山东,烟台,2025-09-11,京东,普通会员
C01231,王雪,女,48,山东,青岛,2024-04-01,抖音,普通会员
C01232,秦玉琪,女,44,辽宁,大连,2025-08-31,京东,银卡会员
C01233,宋晓,男,37,上海,上海,2025-08-20,天猫,银卡会员
C01234,陈杰,女,43,上海,上海,2024-03-19,京东,普通会员
C01235,郑婷飞,女,52,湖南,株洲,2024-03-18,天猫,普通会员
C01236,蔡霞,女,53,四川,成都,2025-05-15,抖音,普通会员
C01237,汪华静,男,36,福建,福州,2025-08-29,拼多多,银卡会员
C01238,吕佑子,男,43,北京,未知,2024-10-10,京东,钻石会员
C01239,尹雪,男,42,江苏,苏州,2025-04-06,抖音,普通会员
C01240,冯雪嘉,女,58,福建,厦门,2025-12-20,天猫,钻石会员
C01241,江子子,女,50,广东,佛山,2024-08-20,天猫,普通会员
C01242,邓桂强,女,31,江苏,苏州,2024-06-11,抖音,银卡会员
C01243,戴宇,女,56,湖北,宜昌,2025-12-14,天猫,金卡会员
C01244,崔子,男,35,河南,洛阳,2024-07-20,拼多多,银卡会员
C01245,唐敏,男,50,重庆,重庆,2024-12-06,天猫,普通会员
C01246,贾雅晨,女,60,浙江,温州,2024-11-14,拼多多,普通会员
C01247,任雨桐,女,52,广东,深圳,2025-01-11,京东,普通会员
C01248,江诗伟,女,22,辽宁,未知,2024-07-12,京东,银卡会员
C01249,万伟建,男,26,江苏,苏州,2025-05-03,拼多多,钻石会员
C01250,侯墨,男,52,江苏,无锡,2025-05-13,京东,普通会员
C01251,史霞,女,23,浙江,宁波,2024-05-24,天猫,普通会员
C01252,尹泽文,男,18,四川,绵阳,2024-12-12,拼多多,普通会员
C01253,陈诗勇,男,29,陕西,西安,2024-02-11,京东,银卡会员
C01254,张浩,女,38,河南,郑州,2024-06-08,天猫,银卡会员
C01255,丁文浩,女,23,福建,福州,2025-12-11,京东,普通会员
C01256,武琪华,女,24,江苏,苏州,2024-12-30,抖音,银卡会员
C01257,薛建伟,女,32,上海,上海,2025-03-24,抖音,普通会员
C01258,白梅,女,43,北京,北京,2025-10-01,拼多多,银卡会员
C01259,冯浩泽,男,41,江苏,无锡,2025-05-28,抖音,普通会员
C01260,杨军,女,52,浙江,宁波,2025-07-24,天猫,普通会员
C01261,江琪,女,60,浙江,杭州,2025-05-27,天猫,银卡会员
C01262,乔浩,男,19,广东,广州,2024-12-25,天猫,银卡会员
C01263,雷涵,女,47,四川,成都,2025-03-31,拼多多,普通会员
C01264,梁一,女,25,福建,厦门,2024-07-26,天猫,银卡会员
C01265,邹俊,男,33,未知,东莞,2025-10-03,抖音,普通会员
C01266,郝婷,女,32,北京,北京,2024-05-09,抖音,普通会员
C01267,梁佳,女,48,河南,未知,2025-09-28,拼多多,钻石会员
C01268,余华刚,男,28,河南,洛阳,2025-09-24,天猫,钻石会员
C01269,万涵浩,男,56,湖南,长沙,2024-04-12,天猫,普通会员
C01270,龙嘉杰,女,34,北京,北京,2025-05-26,小程序,钻石会员
C01271,沈芳晨,男,53,湖南,株洲,2025-12-13,抖音,银卡会员
C01272,郭欣墨,男,58,江苏,苏州,2025-02-15,京东,普通会员
C01273,林静英,女,39,上海,上海,2024-09-02,拼多多,普通会员
C01274,雷梅,女,22,江苏,南京,2025-09-25,小程序,普通会员
C01275,吴怡,女,48,北京,北京,2025-01-04,天猫,银卡会员
C01276,罗诺琴,女,36,上海,上海,2024-03-28,小程序,金卡会员
C01277,陆洋,女,32,江苏,苏州,2024-06-28,天猫,普通会员
C01278,郑琪曦,女,37,河南,洛阳,2025-05-06,小程序,普通会员
C01279,陆建,男,30,浙江,杭州,2024-11-23,天猫,普通会员
C01280,武琴娜,女,30,浙江,温州,2024-06-05,天猫,普通会员
C01281,段琪然,男,60,广东,佛山,2025-07-29,天猫,金卡会员
C01282,唐杰宇,女,29,北京,北京,2024-03-27,拼多多,普通会员
C01283,李梦浩,女,37,未知,杭州,2024-06-06,小程序,银卡会员
C01284,赖涵思,男,48,上海,上海,2024-12-01,京东,普通会员
C01285,石志泽,女,27,江苏,南京,2024-01-29,京东,银卡会员
C01286,唐怡怡,女,44,河南,洛阳,2024-10-05,天猫,银卡会员
C01287,易杰子,女,56,辽宁,沈阳,2025-10-17,天猫,银卡会员
C01288,顾超娟,男,52,北京,北京,2025-11-08,拼多多,普通会员
C01289,贾磊晨,女,19,山东,青岛,2025-09-19,天猫,银卡会员
C01290,陆怡,男,35,陕西,西安,2024-08-21,小程序,银卡会员
C01291,蔡华,女,18,安徽,芜湖,2024-02-16,小程序,银卡会员
C01292,冯远,女,44,湖北,武汉,2025-08-09,天猫,银卡会员
C01293,邓志斌,男,31,重庆,重庆,2024-09-25,京东,金卡会员
C01294,雷玉,男,56,重庆,重庆,2025-06-23,小程序,普通会员
C01295,孔浩,女,25,河南,洛阳,2024-03-26,拼多多,普通会员
C01296,姜伟洋,女,54,北京,北京,2025-04-25,抖音,钻石会员
C01297,孙建妍,男,32,广东,佛山,2025-02-26,天猫,普通会员
C01298,宋然,女,57,广东,深圳,2025-10-24,天猫,金卡会员
C01299,唐文琪,女,26,北京,北京,2024-03-14,拼多多,银卡会员
C01300,任敏梓,男,29,北京,北京,2024-10-20,京东,金卡会员
C01301,史霞志,女,33,上海,上海,2025-12-13,抖音,银卡会员
C01302,韩文静,男,60,四川,成都,2024-10-07,拼多多,金卡会员
C01303,毛墨敏,男,49,四川,成都,2025-04-18,京东,银卡会员
C01304,胡萱磊,女,53,湖南,长沙,2024-04-25,天猫,普通会员
C01305,康志,男,41,广东,广州,2025-06-08,京东,普通会员
C01306,李超子,女,52,江苏,南京,2024-07-17,拼多多,普通会员
C01307,金子娜,女,44,河南,未知,2025-02-15,京东,普通会员
C01308,陈子华,女,46,陕西,西安,2025-09-25,天猫,钻石会员
C01309,魏勇佑,男,54,安徽,芜湖,2025-04-20,小程序,普通会员
C01310,谭雅,男,60,陕西,西安,2024-12-07,抖音,银卡会员
C01311,刘佑俊,女,42,重庆,重庆,2024-05-16,抖音,普通会员
C01312,于娜,女,36,浙江,温州,2024-09-02,拼多多,普通会员
C01313,徐鹏,女,46,上海,上海,2025-09-03,京东,钻石会员
C01314,郝丽,男,49,浙江,宁波,2024-06-04,小程序,普通会员
C01315,廖琴,男,60,湖北,宜昌,2025-04-17,拼多多,银卡会员
C01316,萧刚,男,48,未知,大连,2024-12-15,京东,普通会员
C01317,冯梦浩,女,59,上海,上海,2024-08-19,京东,普通会员
C01318,戴雨,男,49,四川,未知,2025-05-30,天猫,普通会员
C01319,蒋然,女,58,浙江,温州,2024-09-17,抖音,银卡会员
C01320,高梅琴,男,50,江苏,南京,2024-07-25,抖音,普通会员
C01321,魏明强,男,56,江苏,无锡,2025-01-16,京东,金卡会员
C01322,乔晨国,女,26,广东,广州,2025-06-29,小程序,银卡会员
C01323,郝佑琴,女,60,辽宁,大连,2025-09-14,京东,普通会员
C01324,邹晨佑,女,33,上海,上海,2025-03-29,拼多多,普通会员
C01325,曾博天,男,52,湖南,未知,2025-04-21,抖音,普通会员
C01326,余晨,女,34,山东,烟台,2025-07-21,京东,银卡会员
C01327,武娟杰,男,37,江苏,无锡,2024-07-12,天猫,普通会员
C01328,卢一,女,50,江苏,无锡,2024-06-29,抖音,普通会员
C01329,易雅嘉,女,41,湖南,株洲,2024-12-14,抖音,普通会员
C01330,钱静燕,男,48,浙江,未知,2025-03-30,天猫,普通会员
C01331,曹诗,女,21,重庆,重庆,2025-04-10,拼多多,银卡会员
C01332,廖雨墨,男,53,江苏,南京,2024-04-20,京东,普通会员
C01333,武子强,男,35,山东,青岛,2025-07-16,京东,普通会员
C01334,罗超,女,51,湖南,长沙,2024-09-18,拼多多,普通会员
C01335,白刚,男,30,江苏,无锡,2025-09-23,京东,银卡会员
C01336,王浩,女,43,浙江,杭州,2025-06-05,抖音,银卡会员
C01337,史强,女,43,辽宁,沈阳,2025-12-08,抖音,普通会员
C01338,钟海强,女,24,浙江,杭州,2025-03-30,天猫,普通会员
C01339,唐国静,女,38,北京,北京,2025-01-14,京东,银卡会员
C01340,宋敏刚,女,45,北京,北京,2024-05-15,天猫,普通会员
C01341,周佳涛,男,53,浙江,宁波,2024-10-14,天猫,银卡会员
C01342,沈浩,男,56,河南,郑州,2025-09-10,抖音,普通会员
C01343,梁嘉晨,男,34,河南,洛阳,2024-10-02,天猫,普通会员
C01344,唐芳泽,女,45,上海,上海,2024-02-08,小程序,普通会员
C01345,钱涵,女,25,湖南,株洲,2024-06-25,京东,普通会员
C01346,尹桐然,女,56,江苏,苏州,2025-03-04,京东,银卡会员
C01347,董娜丽,男,55,广东,深圳,2025-03-28,小程序,普通会员
C01348,孟梅梦,男,60,四川,成都,2025-12-09,京东,普通会员
C01349,蒋佳,女,38,安徽,合肥,2025-11-03,抖音,普通会员
C01350,徐天,男,33,广东,佛山,2025-01-17,抖音,普通会员
C01351,郝建,女,50,江苏,苏州,2025-02-03,拼多多,银卡会员
C01352,唐浩,男,49,四川,成都,2025-07-30,天猫,银卡会员
C01353,汤涛梓,男,27,湖南,长沙,2024-02-05,天猫,钻石会员
C01354,侯晨诗,女,41,广东,东莞,2025-03-04,小程序,普通会员
C01355,侯雨,女,45,上海,上海,2024-12-07,天猫,普通会员
C01356,陈雨,女,37,河南,洛阳,2025-07-17,抖音,普通会员
C01357,梁萱,女,33,上海,上海,2025-07-30,抖音,金卡会员
C01358,杜芳英,男,28,江苏,苏州,2025-04-17,抖音,普通会员
C01359,金海文,女,35,江苏,苏州,2025-04-18,拼多多,普通会员
C01360,乔妍,女,28,上海,上海,2025-05-12,小程序,银卡会员
C01361,吕浩,女,30,北京,北京,2025-02-21,天猫,普通会员
C01362,吕欣,女,25,陕西,咸阳,2024-06-13,抖音,普通会员
C01363,丁雨怡,男,34,山东,青岛,2024-07-23,抖音,普通会员
C01364,邱霞燕,男,45,山东,青岛,2025-06-18,京东,银卡会员
C01365,邹梦文,女,34,安徽,合肥,2025-03-21,拼多多,银卡会员
C01366,万航,女,24,上海,上海,2024-06-20,京东,普通会员
C01367,侯军玉,男,52,上海,未知,2025-09-24,天猫,银卡会员
C01368,段勇静,男,36,重庆,重庆,2025-12-07,拼多多,普通会员
C01369,许萱,女,43,浙江,温州,2025-03-26,小程序,普通会员
C01370,薛桂,女,40,福建,福州,2024-06-13,天猫,金卡会员
C01371,邹航嘉,女,39,河南,郑州,2025-11-06,拼多多,银卡会员
C01372,汤欣兰,男,36,广东,广州,2024-06-19,天猫,金卡会员
C01373,顾然芳,女,50,北京,北京,2024-11-07,天猫,银卡会员
C01374,夏燕,女,54,江苏,南京,2025-09-10,天猫,普通会员
C01375,苏涵杰,女,56,江苏,南京,2025-01-09,拼多多,普通会员
C01376,贺思磊,男,37,北京,北京,2024-06-23,天猫,普通会员
C01377,徐刚,女,32,浙江,杭州,2024-02-27,天猫,普通会员
C01378,王桂曦,女,21,河南,郑州,2024-09-16,拼多多,普通会员
C01379,郭建宇,女,37,重庆,重庆,2025-04-28,京东,普通会员
C01380,石涵超,女,60,湖南,株洲,2025-05-29,天猫,普通会员
C01381,于佳军,女,29,浙江,杭州,2024-06-09,天猫,金卡会员
C01382,韩远梓,男,54,浙江,杭州,2024-04-24,拼多多,普通会员
C01383,汤斌佳,女,50,浙江,杭州,2025-05-20,抖音,普通会员
C01384,姜嘉,女,46,江苏,南京,2024-04-24,拼多多,银卡会员
C01385,陆杰,男,42,辽宁,沈阳,2024-02-16,天猫,银卡会员
C01386,汪浩志,男,50,上海,上海,2024-12-16,京东,普通会员
C01387,郝琪婷,女,22,江苏,南京,2025-02-15,拼多多,银卡会员
C01388,阎磊平,男,23,陕西,西安,2024-06-24,天猫,银卡会员
C01389,汪娜,女,26,上海,上海,2024-06-01,天猫,金卡会员
C01390,卢诺文,男,50,广东,广州,2024-06-18,京东,普通会员
C01391,蒋婷平,男,36,江苏,南京,2024-09-03,京东,普通会员
C01392,孔嘉,男,26,山东,烟台,2024-01-07,天猫,银卡会员
C01393,萧梓浩,女,19,河南,洛阳,2024-01-09,小程序,普通会员
C01394,吕晓,女,39,江苏,苏州,2024-09-23,京东,银卡会员
C01395,乔飞然,男,35,重庆,重庆,2024-01-15,抖音,银卡会员
C01396,常涵,女,25,陕西,西安,2024-08-17,天猫,银卡会员
C01397,刘雨国,男,19,陕西,西安,2025-02-22,抖音,钻石会员
C01398,郝一军,女,50,江苏,南京,2024-01-23,抖音,银卡会员
C01399,林超,女,51,广东,深圳,2025-03-20,小程序,金卡会员
C01400,夏飞子,女,28,陕西,西安,2025-03-23,京东,银卡会员
C01401,曾敏,男,39,浙江,杭州,2025-02-16,拼多多,普通会员
C01402,胡佳,女,28,湖北,武汉,2025-03-27,京东,银卡会员
C01403,万玉,男,35,河南,郑州,2025-08-05,抖音,银卡会员
C01404,龚琪,男,22,广东,广州,2024-02-20,小程序,钻石会员
C01405,罗刚佳,男,58,河南,洛阳,2024-05-01,抖音,普通会员
C01406,贾军怡,男,48,辽宁,大连,2024-08-16,抖音,普通会员
C01407,毛海,男,56,福建,厦门,2025-05-10,拼多多,金卡会员
C01408,韩怡强,女,30,北京,北京,2025-09-20,小程序,普通会员
C01409,范浩,男,55,陕西,西安,2025-10-23,天猫,银卡会员
C01410,方强,女,40,四川,成都,2025-02-23,天猫,普通会员
C01411,谭婷艳,女,26,福建,福州,2024-10-22,抖音,普通会员
C01412,侯平泽,女,32,湖南,长沙,2024-10-23,小程序,普通会员
C01413,田桂,女,52,河南,郑州,2024-02-13,京东,金卡会员
C01414,徐宇,女,51,浙江,宁波,2024-11-30,京东,普通会员
C01415,崔洋,男,48,广东,广州,2025-01-04,抖音,银卡会员
C01416,冯子嘉,男,27,江苏,南京,2024-05-29,天猫,银卡会员
C01417,李子强,女,45,北京,北京,2025-07-06,天猫,银卡会员
C01418,杜涵,女,58,四川,绵阳,2025-08-07,天猫,普通会员
C01419,郑雅霞,女,20,未知,武汉,2024-08-05,天猫,普通会员
C01420,郭飞,女,31,上海,上海,2025-10-20,抖音,金卡会员
C01421,刘然刚,女,21,河南,郑州,2024-03-18,京东,普通会员
C01422,张华佑,女,22,重庆,重庆,2025-10-17,天猫,普通会员
C01423,罗晨嘉,女,60,浙江,杭州,2025-07-07,京东,钻石会员
C01424,萧华妍,女,28,福建,福州,2024-06-10,京东,普通会员
C01425,何雨艳,女,25,山东,烟台,2025-04-13,京东,普通会员
C01426,常涵,女,21,四川,成都,2024-08-11,京东,钻石会员
C01427,史桂,女,60,江苏,南京,2025-07-29,天猫,普通会员
C01428,吕远,女,38,河南,郑州,2024-04-25,抖音,普通会员
C01429,曾佑,男,52,辽宁,沈阳,2024-06-25,天猫,普通会员
C01430,田诺然,男,28,福建,福州,2024-08-09,天猫,银卡会员
C01431,常晨敏,女,45,重庆,重庆,2024-05-23,天猫,金卡会员
C01432,卢浩平,男,56,安徽,合肥,2024-08-27,京东,银卡会员
C01433,赖泽,男,46,上海,上海,2025-03-09,天猫,钻石会员
C01434,谭欣芳,女,40,山东,青岛,2025-03-31,京东,普通会员
C01435,马华海,女,27,北京,北京,2025-02-02,天猫,银卡会员
C01436,卢宇,女,28,安徽,合肥,2024-05-16,天猫,普通会员
C01437,周子,女,43,广东,广州,2024-05-25,拼多多,金卡会员
C01438,邱斌,男,37,上海,未知,2025-10-23,京东,金卡会员
C01439,何国,男,19,陕西,西安,2024-06-29,天猫,普通会员
C01440,唐兰,女,26,浙江,宁波,2024-03-15,京东,金卡会员
C01441,金晓,男,36,河南,洛阳,2024-11-22,天猫,银卡会员
C01442,范泽诗,女,25,上海,上海,2024-01-05,拼多多,普通会员
C01443,龚杰,女,41,安徽,芜湖,2024-09-03,天猫,银卡会员
C01444,邵军嘉,女,30,陕西,咸阳,2025-09-07,京东,钻石会员
C01445,郑琪诗,女,30,浙江,温州,2024-07-11,小程序,普通会员
C01446,钱志,女,22,河南,洛阳,2025-05-21,天猫,普通会员
C01447,曹英一,女,39,浙江,宁波,2024-12-18,天猫,钻石会员
C01448,宋玉桂,男,26,湖北,宜昌,2024-09-12,抖音,普通会员
C01449,金诗,女,45,山东,烟台,2025-04-21,小程序,普通会员
C01450,钟桂,男,58,湖南,长沙,2025-03-04,京东,银卡会员
C01451,程雨,女,57,广东,深圳,2024-08-17,抖音,银卡会员
C01452,彭琪,男,46,江苏,苏州,2024-06-09,天猫,普通会员
C01453,江杰怡,女,52,福建,泉州,2025-10-22,抖音,普通会员
C01454,梁雨,女,57,四川,成都,2024-05-01,天猫,金卡会员
C01455,孟浩然,男,47,北京,北京,2025-11-21,抖音,普通会员
C01456,姜杰,女,29,广东,东莞,2024-12-05,天猫,银卡会员
C01457,罗怡,男,39,上海,上海,2025-12-18,京东,金卡会员
C01458,汤志英,男,54,陕西,西安,2024-09-11,天猫,普通会员
C01459,康兰雨,男,46,广东,东莞,2025-02-11,抖音,金卡会员
C01460,唐飞欣,男,33,上海,上海,2025-03-18,拼多多,银卡会员
C01461,郑杰,女,25,辽宁,大连,2024-08-31,拼多多,钻石会员
C01462,吕泽,女,24,广东,佛山,2024-06-06,小程序,普通会员
C01463,赖梦,女,34,河南,洛阳,2025-01-09,京东,普通会员
C01464,卢志,女,52,浙江,宁波,2025-04-22,抖音,银卡会员
C01465,卢超梦,女,41,陕西,西安,2024-07-07,天猫,金卡会员
C01466,万勇,女,20,福建,泉州,2025-07-06,小程序,钻石会员
C01467,石妍文,女,57,陕西,西安,2025-04-04,抖音,普通会员
C01468,潘雅志,男,35,江苏,苏州,2024-04-29,京东,普通会员
C01469,丁天,女,34,未知,未知,2025-11-06,京东,普通会员
C01470,梁芳,女,53,河南,郑州,2024-02-01,拼多多,银卡会员
C01471,林文华,男,34,浙江,杭州,2025-04-15,拼多多,金卡会员
C01472,姜懿国,男,44,江苏,南京,2024-11-12,拼多多,银卡会员
C01473,孔琪,男,57,广东,佛山,2025-04-15,京东,普通会员
C01474,邓强建,男,40,辽宁,大连,2025-07-11,京东,钻石会员
C01475,郝艳,女,44,福建,厦门,2025-05-09,小程序,普通会员
C01476,赖梦文,男,33,山东,青岛,2025-04-13,抖音,普通会员
C01477,谢强,女,56,福建,厦门,2025-08-28,抖音,银卡会员
C01478,赵子涛,女,21,四川,绵阳,2025-05-20,抖音,普通会员
C01479,胡琴,男,29,北京,北京,2025-08-08,抖音,银卡会员
C01480,侯志佑,女,60,北京,北京,2024-10-17,抖音,银卡会员
C01481,邓洋,女,38,山东,济南,2024-05-26,抖音,普通会员
C01482,易玉,女,25,江苏,苏州,2024-06-18,拼多多,普通会员
C01483,卢海,女,35,未知,未知,2025-03-16,拼多多,普通会员
C01484,陆涛,女,28,湖南,株洲,2025-01-17,京东,银卡会员
C01485,张桐琪,男,40,上海,上海,2024-02-25,天猫,普通会员
C01486,谢平怡,男,28,湖北,武汉,2024-05-27,抖音,普通会员
C01487,程欣妍,男,35,江苏,南京,2025-11-27,抖音,普通会员
C01488,孙雨斌,男,57,安徽,合肥,2025-06-06,京东,银卡会员
C01489,田飞雪,女,21,重庆,重庆,2025-06-27,拼多多,普通会员
C01490,杨佳,男,50,重庆,重庆,2024-05-21,天猫,普通会员
C01491,郭雪兰,女,21,浙江,温州,2024-02-16,京东,普通会员
C01492,武涛,男,37,江苏,南京,2024-07-28,拼多多,普通会员
C01493,叶琴,女,46,江苏,南京,2025-09-08,小程序,普通会员
C01494,黄雨,女,59,广东,广州,2024-12-30,京东,普通会员
C01495,刘曦,女,28,广东,广州,2025-07-18,天猫,银卡会员
C01496,吕杰,女,20,广东,东莞,2024-12-16,京东,普通会员
C01497,顾文嘉,男,50,未知,合肥,2024-12-18,京东,普通会员
C01498,金霞杰,女,56,广东,广州,2025-03-08,京东,钻石会员
C01499,范梦,男,42,广东,深圳,2025-11-21,天猫,普通会员
C01500,毛航,女,20,湖南,株洲,2024-11-10,京东,普通会员
C01501,余敏,女,39,湖北,宜昌,2025-03-04,抖音,普通会员
C01502,周燕佳,男,34,河南,洛阳,2025-10-24,抖音,普通会员
C01503,易诗佳,男,37,湖北,武汉,2024-09-25,抖音,普通会员
C01504,常超梦,男,20,陕西,咸阳,2025-08-27,京东,金卡会员
C01505,邵墨,女,31,山东,烟台,2025-01-20,京东,普通会员
C01506,叶娟,女,60,四川,成都,2025-09-24,京东,银卡会员
C01507,袁思远,男,19,福建,福州,2024-12-02,小程序,钻石会员
C01508,冯子雪,男,57,北京,北京,2025-03-29,京东,普通会员
C01509,万婷泽,男,40,上海,上海,2024-08-20,抖音,银卡会员
C01510,袁然丽,女,43,北京,北京,2025-04-02,京东,普通会员
C01511,蔡洋,男,58,江苏,南京,2024-08-22,拼多多,普通会员
C01512,余强洋,男,27,湖南,株洲,2025-03-14,京东,金卡会员
C01513,高雨,女,60,浙江,温州,2025-07-21,京东,普通会员
C01514,黎浩,女,29,江苏,南京,2024-11-09,拼多多,钻石会员
C01515,崔嘉,女,33,浙江,宁波,2024-11-05,天猫,银卡会员
C01516,康洋天,女,37,湖南,株洲,2024-08-19,抖音,普通会员
C01517,康涵,男,43,浙江,温州,2025-06-09,京东,普通会员
C01518,金佳墨,女,31,山东,济南,2025-03-02,小程序,银卡会员
C01519,陈天,男,52,陕西,西安,2025-01-06,抖音,普通会员
C01520,王浩,男,18,广东,深圳,2024-01-19,天猫,普通会员
C01521,文杰雨,女,46,河南,郑州,2024-03-20,拼多多,普通会员
C01522,宋浩晓,女,46,浙江,杭州,2024-01-06,抖音,普通会员
C01523,孟涵,女,40,江苏,南京,2025-09-04,抖音,钻石会员
C01524,陆梦,男,44,山东,济南,2025-09-05,天猫,普通会员
C01525,姚军,男,50,重庆,重庆,2024-02-18,天猫,普通会员
C01526,赖国诺,男,56,浙江,宁波,2024-02-03,抖音,银卡会员
C01527,袁涛,女,27,四川,绵阳,2025-07-16,京东,银卡会员
C01528,程霞晨,女,38,浙江,温州,2025-01-12,拼多多,金卡会员
C01529,傅军一,女,42,四川,成都,2024-08-10,天猫,钻石会员
C01530,程怡琪,女,32,湖北,武汉,2025-03-18,抖音,普通会员
C01531,张泽丽,男,59,湖北,武汉,2024-06-19,天猫,普通会员
C01532,常一,女,39,湖北,武汉,2024-05-22,抖音,银卡会员
C01533,毛墨,男,43,江苏,南京,2024-09-21,天猫,普通会员
C01534,陆航,男,26,山东,济南,2025-10-06,京东,银卡会员
C01535,廖然婷,女,35,山东,济南,2025-07-06,天猫,普通会员
C01536,罗雨,女,44,山东,济南,2024-05-16,抖音,金卡会员
C01537,乔然,男,36,广东,深圳,2025-02-08,京东,银卡会员
C01538,任平,男,51,北京,未知,2025-09-28,拼多多,银卡会员
C01539,董博建,女,23,上海,上海,2025-11-16,天猫,普通会员
C01540,徐欣,男,24,广东,东莞,2025-07-03,抖音,钻石会员
C01541,苏涛然,女,32,江苏,苏州,2024-04-02,抖音,银卡会员
C01542,汪琪,女,31,北京,北京,2024-06-22,天猫,金卡会员
C01543,易宇,男,53,福建,福州,2024-06-06,天猫,金卡会员
C01544,孟晨,男,55,江苏,南京,2024-04-18,京东,普通会员
C01545,程杰鹏,男,38,湖南,长沙,2024-05-06,抖音,普通会员
C01546,张静,女,39,四川,未知,2024-08-15,小程序,普通会员
C01547,郝欣诺,男,30,河南,郑州,2025-02-03,天猫,银卡会员
C01548,顾霞俊,女,40,北京,北京,2024-10-13,抖音,银卡会员
C01549,谭洋琪,男,48,北京,北京,2024-10-29,抖音,普通会员
C01550,孙欣,女,49,湖北,未知,2024-06-25,抖音,钻石会员
C01551,张海,男,59,辽宁,未知,2024-04-18,京东,普通会员
C01552,郭萱欣,男,42,北京,北京,2025-12-20,小程序,银卡会员
C01553,蒋梅,女,32,四川,成都,2025-03-07,京东,普通会员
C01554,钟一怡,女,20,湖北,武汉,2024-06-14,拼多多,普通会员
C01555,程宇杰,男,47,福建,福州,2025-08-06,天猫,普通会员
C01556,孙琪,男,52,广东,深圳,2025-08-21,拼多多,银卡会员
C01557,卢玉平,女,41,四川,未知,2025-11-27,小程序,银卡会员
C01558,苏强,男,57,北京,北京,2024-04-24,小程序,普通会员
C01559,夏远刚,男,31,重庆,重庆,2025-04-05,京东,普通会员
C01560,孟佳,男,20,北京,北京,2025-12-06,拼多多,银卡会员
C01561,彭梦,男,45,北京,北京,2025-08-03,天猫,普通会员
C01562,阎航,女,23,辽宁,大连,2024-06-11,抖音,银卡会员
C01563,冯文,女,21,北京,北京,2025-10-04,京东,普通会员
C01564,曹宇涛,女,48,江苏,苏州,2024-10-30,抖音,金卡会员
C01565,朱志涵,女,36,江苏,南京,2024-12-18,京东,银卡会员
C01566,蒋航磊,男,43,广东,深圳,2025-02-06,天猫,普通会员
C01567,孙雪,女,50,广东,深圳,2025-07-09,天猫,银卡会员
C01568,贾然,男,34,北京,北京,2024-03-27,天猫,普通会员
C01569,卢伟,男,44,河南,洛阳,2025-01-23,京东,金卡会员
C01570,夏杰远,女,41,福建,厦门,2025-08-11,拼多多,银卡会员
C01571,雷海一,男,42,广东,深圳,2025-01-29,拼多多,普通会员
C01572,余涛琪,男,48,四川,绵阳,2024-07-16,拼多多,银卡会员
C01573,杜琪天,男,34,江苏,未知,2024-02-10,拼多多,普通会员
C01574,邵超,女,39,辽宁,大连,2025-01-30,京东,金卡会员
C01575,萧墨诺,男,43,江苏,无锡,2025-05-21,京东,钻石会员
C01576,金琪杰,女,24,湖北,武汉,2025-01-30,京东,银卡会员
C01577,傅建强,女,27,浙江,宁波,2025-12-06,天猫,普通会员
C01578,周博,女,21,山东,青岛,2025-03-09,抖音,银卡会员
C01579,廖墨雨,男,26,上海,上海,2024-12-31,抖音,普通会员
C01580,邓军,女,36,河南,郑州,2024-02-09,抖音,普通会员
C01581,谢芳,男,58,江苏,苏州,2025-02-06,拼多多,金卡会员
C01582,龙桐懿,女,57,重庆,重庆,2024-05-01,天猫,普通会员
C01583,高志,女,50,北京,北京,2025-06-05,拼多多,普通会员
C01584,钟航雅,男,41,河南,郑州,2024-04-26,天猫,普通会员
C01585,汪嘉诗,女,26,陕西,西安,2025-10-14,拼多多,钻石会员
C01586,王娜,女,33,安徽,合肥,2024-08-05,天猫,钻石会员
C01587,丁子雨,男,50,江苏,无锡,2024-11-08,京东,普通会员
C01588,邱兰雅,男,57,浙江,杭州,2024-04-14,京东,普通会员
C01589,吕天欣,女,59,浙江,宁波,2024-05-31,天猫,金卡会员
C01590,郭琪晓,女,34,浙江,杭州,2025-10-25,京东,普通会员
C01591,王然,女,38,湖北,武汉,2024-07-23,天猫,钻石会员
C01592,卢雅墨,男,39,安徽,合肥,2025-01-04,抖音,金卡会员
C01593,胡志,女,20,安徽,芜湖,2025-12-07,小程序,银卡会员
C01594,金洋,女,23,四川,成都,2025-03-24,京东,普通会员
C01595,袁怡天,女,19,山东,烟台,2024-01-30,京东,银卡会员
C01596,吴娟玉,女,49,陕西,西安,2024-09-14,拼多多,钻石会员
C01597,余晨,男,27,辽宁,大连,2024-10-05,京东,普通会员
C01598,黄佑,女,48,江苏,南京,2024-07-17,拼多多,金卡会员
C01599,萧杰桐,男,34,四川,绵阳,2024-06-22,京东,普通会员
C01600,钟雨,男,52,湖南,长沙,2024-12-28,京东,钻石会员
C01601,薛桐宇,女,22,浙江,杭州,2024-09-28,天猫,银卡会员
C01602,龙桐,男,31,北京,北京,2024-07-30,天猫,普通会员
C01603,田雨芳,男,26,安徽,未知,2024-10-24,抖音,普通会员
C01604,余晓曦,男,36,安徽,合肥,2024-09-04,拼多多,普通会员
C01605,程桂,女,42,重庆,重庆,2024-06-13,天猫,普通会员
C01606,顾琴佳,女,25,湖南,长沙,2024-11-21,小程序,金卡会员
C01607,林雨,男,46,浙江,杭州,2025-11-09,京东,普通会员
C01608,谢浩琴,男,59,浙江,温州,2024-12-30,京东,钻石会员
C01609,杨燕,女,19,四川,成都,2025-03-06,拼多多,普通会员
C01610,侯芳,男,21,四川,成都,2025-12-09,拼多多,银卡会员
C01611,孟诗,女,58,四川,绵阳,2025-03-17,京东,钻石会员
C01612,邵杰梅,女,45,山东,烟台,2024-06-09,天猫,银卡会员
C01613,陆晨天,男,57,上海,上海,2024-10-13,天猫,金卡会员
C01614,赵海,女,48,河南,郑州,2024-12-17,天猫,钻石会员
C01615,孙宇平,男,48,浙江,温州,2024-12-07,拼多多,银卡会员
C01616,常欣伟,女,24,浙江,杭州,2024-04-17,京东,银卡会员
C01617,汤俊志,男,40,广东,佛山,2024-03-17,抖音,普通会员
C01618,林雨,女,33,江苏,无锡,2024-09-08,天猫,普通会员
C01619,陈晨伟,女,53,陕西,咸阳,2025-10-20,京东,普通会员
C01620,李琴婷,女,19,北京,北京,2025-05-31,京东,金卡会员
C01621,钱琪雨,女,18,江苏,南京,2025-08-29,京东,银卡会员
C01622,于诗,男,41,河南,洛阳,2024-05-05,抖音,银卡会员
C01623,范英,女,59,四川,未知,2024-10-25,小程序,金卡会员
C01624,武宇子,女,60,广东,深圳,2025-02-22,拼多多,普通会员
C01625,董晨婷,男,43,未知,温州,2024-11-08,抖音,钻石会员
C01626,贺雨伟,男,36,江苏,苏州,2024-10-27,天猫,普通会员
C01627,石桂涛,男,29,山东,济南,2024-09-16,小程序,普通会员
C01628,钟洋,男,60,浙江,杭州,2024-02-07,拼多多,银卡会员
C01629,薛英雪,女,25,广东,未知,2025-09-09,拼多多,普通会员
C01630,贺佳,男,23,广东,广州,2025-11-02,京东,银卡会员
C01631,沈静,女,39,湖北,武汉,2024-02-28,天猫,银卡会员
C01632,孟博,女,34,广东,东莞,2024-10-24,拼多多,金卡会员
C01633,韩天飞,男,39,陕西,西安,2025-01-07,京东,普通会员
C01634,冯琪强,女,56,江苏,苏州,2025-07-18,京东,普通会员
C01635,黎怡,男,29,湖北,武汉,2025-12-11,京东,普通会员
C01636,常飞,男,55,北京,北京,2024-10-26,抖音,普通会员
C01637,姚燕,男,27,未知,北京,2025-06-23,京东,普通会员
C01638,孙佑,男,31,广东,佛山,2025-11-05,抖音,普通会员
C01639,康杰,男,18,湖南,长沙,2025-08-20,抖音,金卡会员
C01640,唐超,女,47,重庆,重庆,2024-07-28,京东,钻石会员
C01641,田建,男,54,广东,深圳,2025-08-11,天猫,金卡会员
C01642,曹子佳,男,56,江苏,苏州,2024-10-23,小程序,普通会员
C01643,杜子飞,女,25,重庆,重庆,2024-01-13,京东,银卡会员
C01644,钟鹏飞,男,50,四川,成都,2025-06-30,京东,普通会员
C01645,邓桐晨,女,24,江苏,南京,2025-08-24,京东,普通会员
C01646,史然刚,女,45,江苏,南京,2024-09-04,京东,普通会员
C01647,顾浩,女,48,山东,青岛,2024-11-20,抖音,钻石会员
C01648,熊然鹏,女,24,福建,福州,2024-09-19,天猫,银卡会员
C01649,尹国欣,女,22,湖北,武汉,2024-03-25,拼多多,普通会员
C01650,韩明墨,女,21,辽宁,沈阳,2025-12-17,天猫,银卡会员
C01651,钟浩,女,48,北京,北京,2024-01-17,小程序,钻石会员
C01652,沈雨欣,女,44,浙江,温州,2025-02-04,抖音,普通会员
C01653,邵琴霞,男,23,北京,北京,2024-01-11,天猫,金卡会员
C01654,石天佑,女,39,上海,上海,2025-05-11,抖音,普通会员
C01655,余子,女,52,江苏,南京,2025-10-10,京东,普通会员
C01656,乔俊,男,28,广东,深圳,2025-04-08,小程序,金卡会员
C01657,熊强,女,44,上海,上海,2025-03-12,拼多多,普通会员
C01658,冯志,女,30,福建,泉州,2025-08-19,京东,银卡会员
C01659,王浩,女,29,广东,广州,2025-12-02,京东,普通会员
C01660,任晨,男,34,北京,北京,2025-09-12,小程序,银卡会员
C01661,程国伟,男,33,山东,青岛,2024-06-15,抖音,银卡会员
C01662,龙梓晨,男,39,湖北,武汉,2025-02-09,京东,金卡会员
C01663,谢嘉,女,26,河南,郑州,2025-08-12,京东,金卡会员
C01664,叶强娜,女,34,湖南,长沙,2024-07-31,京东,银卡会员
C01665,任梅,女,44,福建,福州,2025-05-01,抖音,普通会员
C01666,雷浩,男,34,广东,广州,2024-01-17,抖音,普通会员
C01667,郑斌,男,46,北京,北京,2025-09-23,拼多多,银卡会员
C01668,秦桐文,女,22,湖北,武汉,2025-03-18,抖音,普通会员
C01669,廖丽,女,23,浙江,宁波,2025-06-19,抖音,普通会员
C01670,卢婷俊,女,55,广东,广州,2025-08-17,京东,钻石会员
C01671,梁晨,男,37,江苏,南京,2024-06-06,拼多多,普通会员
C01672,龚梦,男,44,北京,北京,2024-11-20,京东,普通会员
C01673,谭怡,女,49,上海,上海,2025-09-10,拼多多,金卡会员
C01674,郑飞,女,24,江苏,苏州,2024-04-28,京东,银卡会员
C01675,廖一,男,59,湖南,长沙,2025-08-15,抖音,银卡会员
C01676,何娟,女,36,重庆,重庆,2024-07-26,拼多多,普通会员
C01677,马然雨,女,56,江苏,南京,2025-02-18,拼多多,普通会员
C01678,赵勇佳,女,35,辽宁,沈阳,2025-01-02,京东,银卡会员
C01679,毛梅浩,女,35,未知,佛山,2025-05-09,抖音,普通会员
C01680,郭远磊,男,43,重庆,重庆,2025-08-25,天猫,银卡会员
C01681,马艳霞,女,26,辽宁,沈阳,2024-09-08,天猫,普通会员
C01682,熊博宇,女,44,广东,佛山,2024-05-03,拼多多,普通会员
C01683,万志,女,60,未知,洛阳,2024-10-31,拼多多,普通会员
C01684,尹佳,女,45,安徽,未知,2025-03-16,天猫,普通会员
C01685,邵晨桂,男,21,重庆,重庆,2025-06-24,小程序,普通会员
C01686,潘伟,男,48,安徽,合肥,2025-06-26,京东,银卡会员
C01687,易洋浩,男,19,四川,绵阳,2024-09-01,小程序,银卡会员
C01688,薛飞华,女,22,广东,佛山,2025-11-04,拼多多,普通会员
C01689,李芳明,男,30,未知,西安,2024-02-29,小程序,银卡会员
C01690,董刚嘉,女,31,湖北,未知,2024-03-25,拼多多,普通会员
C01691,罗平,女,18,湖北,武汉,2024-01-18,小程序,普通会员
C01692,袁梅强,女,18,上海,上海,2025-10-29,抖音,金卡会员
C01693,朱佳,女,51,四川,绵阳,2024-05-09,天猫,银卡会员
C01694,魏雨,女,37,江苏,南京,2025-03-09,京东,银卡会员
C01695,程怡,女,26,福建,厦门,2025-08-08,拼多多,普通会员
C01696,武佳怡,女,36,广东,广州,2025-07-06,天猫,普通会员
C01697,宋国,男,47,福建,福州,2025-11-14,小程序,银卡会员
C01698,梁超,男,49,陕西,西安,2024-02-08,天猫,银卡会员
C01699,廖敏,女,30,北京,北京,2024-10-20,拼多多,银卡会员
C01700,汪斌琪,女,25,未知,成都,2024-12-30,京东,钻石会员
C01701,曾泽,女,59,浙江,温州,2025-05-16,拼多多,普通会员
C01702,文泽,男,45,未知,合肥,2025-03-24,小程序,金卡会员
C01703,万萱,女,60,福建,福州,2025-02-07,京东,银卡会员
C01704,廖浩,女,31,上海,上海,2024-08-08,抖音,普通会员
C01705,阎嘉建,女,22,江苏,南京,2024-03-17,天猫,普通会员
C01706,钱丽,男,34,江苏,未知,2024-11-06,拼多多,银卡会员
C01707,刘怡,女,32,北京,北京,2024-07-05,拼多多,普通会员
C01708,龚超,女,48,辽宁,沈阳,2025-02-03,京东,银卡会员
C01709,沈然,女,48,福建,福州,2025-07-27,天猫,银卡会员
C01710,白雅,男,21,江苏,苏州,2025-02-01,京东,普通会员
C01711,郑海雅,女,43,陕西,西安,2025-02-23,天猫,普通会员
C01712,陆艳,男,32,上海,上海,2024-01-31,拼多多,银卡会员
C01713,彭雅怡,男,44,陕西,西安,2025-04-09,天猫,普通会员
C01714,段英,男,34,江苏,南京,2024-11-12,小程序,金卡会员
C01715,崔欣,女,41,湖北,武汉,2024-03-30,小程序,普通会员
C01716,江涛华,女,48,重庆,未知,2024-06-02,小程序,钻石会员
C01717,周雅晨,男,30,浙江,未知,2025-07-16,抖音,普通会员
C01718,袁芳,男,26,山东,青岛,2025-10-22,天猫,普通会员
C01719,熊洋,男,48,安徽,芜湖,2024-12-31,拼多多,银卡会员
C01720,史刚梓,男,58,江苏,无锡,2025-12-04,抖音,普通会员
C01721,魏杰,女,37,广东,佛山,2024-05-09,小程序,普通会员
C01722,何洋,男,60,山东,青岛,2024-08-03,京东,普通会员
C01723,蒋刚,男,25,浙江,杭州,2025-10-31,天猫,银卡会员
C01724,夏平,女,53,广东,未知,2024-05-06,小程序,银卡会员
C01725,陆浩,男,60,北京,北京,2025-04-19,拼多多,普通会员
C01726,薛佳,女,30,河南,郑州,2024-06-07,天猫,普通会员
C01727,任航,女,24,浙江,杭州,2024-08-26,抖音,普通会员
C01728,刘明敏,女,46,浙江,宁波,2024-12-09,天猫,钻石会员
C01729,方艳浩,女,55,未知,西安,2024-09-16,抖音,普通会员
C01730,江思,男,21,四川,成都,2025-09-21,京东,银卡会员
C01731,彭然,女,45,陕西,西安,2025-12-01,京东,普通会员
C01732,张霞,女,55,北京,北京,2024-12-26,天猫,银卡会员
C01733,任军,男,19,辽宁,大连,2025-01-13,天猫,钻石会员
C01734,戴敏浩,女,40,山东,济南,2024-02-09,京东,普通会员
C01735,萧文,女,21,广东,深圳,2024-06-17,天猫,银卡会员
C01736,白晓,女,25,陕西,西安,2024-01-29,京东,普通会员
C01737,熊子泽,女,38,北京,北京,2025-09-08,抖音,银卡会员
C01738,文洋晨,男,32,江苏,南京,2024-06-12,抖音,普通会员
C01739,乔洋,女,21,江苏,南京,2024-09-02,抖音,普通会员
C01740,郑俊,女,52,山东,青岛,2025-08-29,天猫,普通会员
C01741,姜飞,女,26,广东,广州,2025-05-28,天猫,普通会员
C01742,叶强晓,男,55,浙江,杭州,2025-03-23,拼多多,钻石会员
C01743,毛宇飞,女,25,江苏,未知,2024-01-28,拼多多,银卡会员
C01744,江欣强,女,40,北京,北京,2025-02-09,小程序,普通会员
C01745,白梦涛,男,49,上海,上海,2025-02-07,小程序,普通会员
C01746,白鹏航,女,38,四川,成都,2024-08-17,抖音,银卡会员
C01747,陆墨婷,女,35,浙江,杭州,2025-06-20,拼多多,普通会员
C01748,秦杰曦,女,50,广东,深圳,2025-10-31,京东,普通会员
C01749,丁海,女,18,湖北,未知,2024-07-05,拼多多,银卡会员
C01750,江博,男,53,上海,未知,2024-08-26,小程序,普通会员
C01751,袁诺,女,47,山东,济南,2024-08-20,拼多多,普通会员
C01752,谢玉,女,50,广东,广州,2025-08-24,京东,普通会员
C01753,阎涛,女,36,广东,广州,2024-02-25,京东,普通会员
C01754,吕超,男,34,浙江,温州,2025-10-07,京东,银卡会员
C01755,黎芳军,男,42,北京,北京,2025-07-12,京东,银卡会员
C01756,冯梦,女,45,上海,上海,2024-12-14,拼多多,钻石会员
C01757,孟飞,男,57,湖南,株洲,2025-02-24,抖音,普通会员
C01758,蒋海,女,54,上海,上海,2025-10-05,天猫,银卡会员
C01759,黎军航,女,20,四川,成都,2025-07-08,抖音,钻石会员
C01760,黄军玉,女,24,湖北,宜昌,2024-07-18,京东,银卡会员
C01761,钟晓梓,男,58,广东,深圳,2024-02-06,抖音,钻石会员
C01762,熊明,女,34,未知,成都,2025-04-19,京东,钻石会员
C01763,余娟,男,42,上海,未知,2024-04-14,京东,金卡会员
C01764,史一,女,20,上海,上海,2024-03-04,抖音,钻石会员
C01765,李国,女,22,广东,未知,2025-12-08,拼多多,银卡会员
C01766,姜娟,女,35,河南,郑州,2024-12-07,拼多多,普通会员
C01767,田华艳,男,48,辽宁,沈阳,2025-04-13,京东,金卡会员
C01768,白桂,男,51,广东,东莞,2024-06-05,抖音,金卡会员
C01769,谢梦磊,女,56,湖北,武汉,2024-03-14,天猫,普通会员
C01770,袁燕海,女,26,河南,洛阳,2024-02-15,京东,普通会员
C01771,谢明宇,女,26,浙江,杭州,2024-09-12,抖音,普通会员
C01772,康宇梅,女,41,河南,洛阳,2024-01-03,抖音,金卡会员
C01773,薛涵,女,41,湖北,未知,2024-10-29,小程序,普通会员
C01774,范艳,男,19,辽宁,大连,2024-08-21,京东,普通会员
C01775,萧涛,女,37,安徽,合肥,2025-01-14,拼多多,普通会员
C01776,郭飞兰,女,56,广东,广州,2025-02-28,京东,普通会员
C01777,赖雨,女,25,北京,北京,2024-08-10,抖音,钻石会员
C01778,江宇,男,53,四川,未知,2024-11-23,拼多多,普通会员
C01779,江娜,女,37,江苏,南京,2024-02-26,抖音,普通会员
C01780,江雨,男,40,浙江,宁波,2024-08-05,拼多多,普通会员
C01781,易博嘉,女,45,安徽,芜湖,2025-12-05,拼多多,银卡会员
C01782,文涵,女,48,广东,深圳,2025-12-14,天猫,银卡会员
C01783,王佑涵,女,45,北京,北京,2024-12-15,小程序,普通会员
C01784,曹墨宇,男,22,陕西,西安,2025-11-07,小程序,普通会员
C01785,宋欣远,男,30,浙江,温州,2024-12-26,京东,金卡会员
C01786,彭欣,男,54,北京,北京,2024-03-31,天猫,银卡会员
C01787,毛飞鹏,男,19,安徽,合肥,2025-09-16,京东,银卡会员
C01788,雷一静,男,48,北京,未知,2024-10-25,拼多多,普通会员
C01789,杜萱明,女,40,广东,深圳,2025-03-16,小程序,钻石会员
C01790,乔丽,男,23,广东,东莞,2025-04-12,拼多多,银卡会员
C01791,邹杰磊,男,23,辽宁,大连,2024-08-09,京东,普通会员
C01792,汪浩梅,女,60,浙江,宁波,2025-06-12,天猫,钻石会员
C01793,汪兰鹏,男,19,四川,成都,2024-12-26,京东,金卡会员
C01794,郭芳浩,男,18,广东,深圳,2024-09-20,京东,银卡会员
C01795,吕晨,女,18,上海,上海,2024-08-02,天猫,银卡会员
C01796,高嘉斌,男,45,辽宁,大连,2025-06-21,天猫,普通会员
C01797,李燕琪,男,57,北京,北京,2024-06-28,天猫,普通会员
C01798,姜琴明,女,25,安徽,芜湖,2024-03-30,天猫,普通会员
C01799,于超,男,52,浙江,未知,2025-09-26,拼多多,银卡会员
C01800,高艳,男,48,四川,成都,2024-08-26,京东,普通会员
C01801,崔梅宇,男,27,陕西,西安,2025-04-06,京东,普通会员
C01802,马诺,男,21,北京,北京,2025-05-30,抖音,钻石会员
C01803,李华佑,女,38,浙江,杭州,2025-08-26,小程序,普通会员
C01804,梁琴平,男,21,陕西,西安,2025-03-26,拼多多,金卡会员
C01805,贺嘉雨,男,22,上海,上海,2025-05-24,抖音,普通会员
C01806,赵欣然,男,38,四川,成都,2025-08-25,拼多多,普通会员
C01807,孟然,女,53,安徽,芜湖,2025-11-10,抖音,普通会员
C01808,苏桐,男,60,江苏,苏州,2024-02-03,抖音,普通会员
C01809,邱一涛,女,44,浙江,杭州,2025-06-19,京东,普通会员
C01810,李雅,男,29,广东,深圳,2024-05-05,抖音,普通会员
C01811,彭燕,女,32,上海,上海,2025-10-03,京东,银卡会员
C01812,程一静,男,44,江苏,南京,2024-02-04,京东,普通会员
C01813,范浩,男,25,山东,青岛,2024-06-26,天猫,普通会员
C01814,阎远,女,40,未知,南京,2024-05-18,京东,普通会员
C01815,于强琴,男,51,山东,青岛,2025-03-10,京东,普通会员
C01816,张萱,女,54,浙江,温州,2024-01-04,抖音,普通会员
C01817,江思,女,20,上海,上海,2024-01-13,京东,普通会员
C01818,陈嘉,女,30,上海,上海,2024-12-29,天猫,银卡会员
C01819,邵敏俊,男,28,福建,厦门,2025-11-30,京东,银卡会员
C01820,江思,女,41,北京,北京,2025-01-15,京东,金卡会员
C01821,郝英平,男,25,上海,上海,2024-11-17,抖音,银卡会员
C01822,吕航勇,女,58,未知,咸阳,2025-04-18,京东,普通会员
C01823,汪佳,女,57,四川,绵阳,2025-02-01,天猫,普通会员
C01824,曹磊明,女,32,江苏,南京,2024-10-04,天猫,普通会员
C01825,卢明雅,女,35,未知,重庆,2025-02-27,京东,银卡会员
C01826,许佑,女,36,上海,上海,2024-01-03,天猫,普通会员
C01827,孔雨,女,19,广东,未知,2024-06-25,京东,普通会员
C01828,苏燕,男,56,北京,北京,2025-04-30,抖音,钻石会员
C01829,段然,女,51,广东,深圳,2024-09-02,小程序,普通会员
C01830,谢雪玉,男,32,江苏,无锡,2024-02-09,抖音,普通会员
C01831,冯飞欣,男,41,河南,郑州,2024-03-30,天猫,钻石会员
C01832,蔡华思,女,34,广东,深圳,2025-09-15,京东,普通会员
C01833,武霞,男,27,湖南,未知,2024-08-25,拼多多,普通会员
C01834,段然飞,女,31,辽宁,沈阳,2024-01-17,天猫,普通会员
C01835,邹伟兰,男,22,湖北,宜昌,2025-06-08,小程序,普通会员
C01836,许志子,男,52,福建,厦门,2025-01-16,京东,钻石会员
C01837,唐思佳,女,46,福建,福州,2024-11-20,天猫,银卡会员
C01838,曾浩一,男,58,安徽,芜湖,2025-10-06,天猫,普通会员
C01839,孟芳,女,18,浙江,温州,2024-08-13,小程序,普通会员
C01840,高佑强,女,45,江苏,苏州,2025-02-16,小程序,普通会员
C01841,魏泽刚,女,42,四川,成都,2025-06-20,拼多多,银卡会员
C01842,李子国,男,44,四川,绵阳,2025-03-14,京东,普通会员
C01843,邹杰,女,60,江苏,无锡,2024-05-29,拼多多,普通会员
C01844,孙强,男,34,湖北,武汉,2025-05-05,天猫,银卡会员
C01845,冯琴一,男,24,广东,东莞,2025-06-19,京东,金卡会员
C01846,陆静妍,男,18,辽宁,沈阳,2024-03-29,抖音,金卡会员
C01847,彭子,男,39,浙江,宁波,2024-04-29,小程序,金卡会员
C01848,林建,女,25,广东,佛山,2025-04-30,京东,普通会员
C01849,王宇然,男,24,广东,广州,2024-03-26,京东,银卡会员
C01850,贺远然,男,24,江苏,未知,2025-09-25,天猫,金卡会员
C01851,宋婷桐,女,29,浙江,温州,2024-03-19,京东,普通会员
C01852,王佳怡,女,22,广东,东莞,2025-12-02,天猫,普通会员
C01853,赖玉,男,38,浙江,温州,2025-04-28,拼多多,普通会员
C01854,郝航,男,46,江苏,南京,2024-11-14,天猫,钻石会员
C01855,谭娟,男,30,上海,上海,2024-07-12,抖音,金卡会员
C01856,何佳萱,女,23,上海,上海,2024-09-05,天猫,金卡会员
C01857,白杰晓,女,42,浙江,宁波,2025-06-22,京东,普通会员
C01858,段梅佳,女,21,浙江,未知,2025-06-26,京东,钻石会员
C01859,龙艳,女,49,广东,东莞,2024-05-30,京东,普通会员
C01860,萧磊强,男,34,广东,佛山,2025-01-25,抖音,普通会员
C01861,罗远思,女,35,江苏,苏州,2025-12-15,抖音,银卡会员
C01862,石俊墨,男,28,河南,洛阳,2024-07-04,小程序,银卡会员
C01863,袁博天,男,30,安徽,合肥,2025-05-14,京东,金卡会员
C01864,姜晨飞,男,24,辽宁,大连,2024-05-03,抖音,普通会员
C01865,尹娜强,男,41,四川,成都,2025-08-23,小程序,普通会员
C01866,彭诺,女,24,四川,成都,2024-05-02,京东,普通会员
C01867,黎博,男,47,浙江,宁波,2024-08-02,拼多多,普通会员
C01868,高敏晨,男,29,河南,未知,2024-11-26,小程序,金卡会员
C01869,邵文勇,男,42,河南,洛阳,2024-09-23,拼多多,普通会员
C01870,魏怡,女,41,陕西,咸阳,2024-05-02,抖音,普通会员
C01871,史一远,女,45,重庆,重庆,2025-04-06,抖音,普通会员
C01872,韩萱,女,50,北京,北京,2024-01-15,京东,银卡会员
C01873,阎梦,女,42,河南,郑州,2025-12-09,抖音,金卡会员
C01874,王燕然,女,54,湖南,长沙,2024-02-07,小程序,普通会员
C01875,雷墨然,女,29,浙江,宁波,2024-08-28,天猫,普通会员
C01876,刘涵子,男,50,辽宁,沈阳,2025-10-31,拼多多,钻石会员
C01877,黄国丽,男,32,广东,广州,2024-04-21,京东,银卡会员
C01878,赖子,男,45,安徽,芜湖,2024-02-22,天猫,普通会员
C01879,郑磊雨,女,39,河南,郑州,2025-06-19,抖音,普通会员
C01880,孔曦燕,男,57,广东,深圳,2024-02-22,拼多多,钻石会员
C01881,冯妍嘉,男,29,山东,济南,2025-10-09,抖音,银卡会员
C01882,叶思霞,女,40,广东,深圳,2024-11-20,拼多多,普通会员
C01883,宋娜博,男,25,河南,郑州,2025-09-17,京东,普通会员
C01884,张晨强,男,45,湖南,长沙,2024-06-25,小程序,普通会员
C01885,潘欣浩,男,19,湖北,武汉,2024-04-11,抖音,普通会员
C01886,钱浩,女,35,陕西,西安,2025-11-24,拼多多,普通会员
C01887,吴宇,男,18,未知,佛山,2025-07-02,天猫,普通会员
C01888,尹航,男,32,浙江,杭州,2025-10-17,京东,普通会员
C01889,雷建,男,38,上海,上海,2024-08-18,小程序,普通会员
C01890,陈平洋,女,32,广东,广州,2024-10-18,天猫,普通会员
C01891,郝思,男,34,北京,北京,2025-02-19,京东,普通会员
C01892,范志,男,24,浙江,杭州,2024-11-19,拼多多,金卡会员
C01893,王然,女,48,上海,上海,2024-06-23,拼多多,普通会员
C01894,冯欣,女,52,上海,未知,2024-09-27,拼多多,金卡会员
C01895,丁雨桐,男,37,陕西,西安,2025-03-14,拼多多,金卡会员
C01896,周涵,男,20,浙江,杭州,2024-01-28,小程序,钻石会员
C01897,张琴晨,男,20,重庆,未知,2024-08-29,京东,普通会员
C01898,孟泽,女,47,上海,上海,2024-07-29,抖音,普通会员
C01899,杜懿霞,男,57,浙江,宁波,2024-02-20,拼多多,银卡会员
C01900,刘文,女,55,北京,未知,2024-03-29,抖音,普通会员
C01901,易雨宇,女,35,上海,上海,2024-12-22,天猫,普通会员
C01902,薛琴,女,39,浙江,宁波,2024-03-14,京东,普通会员
C01903,曹雪,男,25,北京,北京,2024-09-05,抖音,银卡会员
C01904,范晨,女,21,江苏,南京,2025-02-07,拼多多,金卡会员
C01905,邓琪思,女,50,上海,上海,2025-09-21,抖音,普通会员
C01906,许强平,女,36,四川,成都,2024-03-12,拼多多,金卡会员
C01907,熊琪艳,男,39,上海,上海,2024-11-08,拼多多,银卡会员
C01908,康艳浩,女,32,湖南,株洲,2024-03-15,天猫,普通会员
C01909,蔡飞娜,女,31,浙江,宁波,2024-11-04,抖音,普通会员
C01910,邓诗浩,女,60,安徽,芜湖,2024-12-11,抖音,普通会员
C01911,万欣,女,53,河南,洛阳,2025-07-29,天猫,金卡会员
C01912,梁芳娜,女,47,安徽,合肥,2024-11-14,京东,银卡会员
C01913,夏嘉,男,34,湖南,株洲,2025-11-04,抖音,银卡会员
C01914,侯俊,女,49,江苏,苏州,2024-04-09,拼多多,银卡会员
C01915,崔泽,女,32,四川,绵阳,2024-02-08,京东,普通会员
C01916,邹杰,女,40,江苏,无锡,2024-01-04,天猫,金卡会员
C01917,彭佑,男,24,湖南,长沙,2024-09-13,京东,金卡会员
C01918,郑刚,男,48,湖北,武汉,2024-05-18,拼多多,银卡会员
C01919,邵浩燕,女,20,浙江,杭州,2024-03-06,抖音,普通会员
C01920,彭宇,女,49,辽宁,沈阳,2024-06-18,京东,普通会员
C01921,冯雪志,男,43,广东,未知,2025-12-02,小程序,普通会员
C01922,杜梓,男,20,四川,绵阳,2025-07-30,天猫,普通会员
C01923,唐航鹏,女,39,福建,福州,2024-01-14,京东,银卡会员
C01924,白霞,女,27,广东,东莞,2025-10-21,京东,银卡会员
C01925,杜志,男,38,湖北,武汉,2024-05-27,拼多多,钻石会员
C01926,侯梅琪,男,18,湖南,长沙,2024-10-19,拼多多,普通会员
C01927,李鹏,男,49,未知,广州,2024-08-23,天猫,普通会员
C01928,阎丽然,男,39,四川,绵阳,2024-10-18,拼多多,普通会员
C01929,苏娟杰,女,33,浙江,杭州,2025-07-01,抖音,钻石会员
C01930,汪怡燕,女,55,山东,济南,2025-05-27,拼多多,银卡会员
C01931,范英佳,女,45,广东,广州,2025-03-03,小程序,普通会员
C01932,雷浩杰,女,44,辽宁,大连,2025-03-27,拼多多,银卡会员
C01933,薛华浩,男,24,重庆,重庆,2025-06-07,天猫,银卡会员
C01934,方兰,男,39,江苏,苏州,2024-05-12,京东,普通会员
C01935,梁军敏,男,48,浙江,宁波,2024-10-11,小程序,普通会员
C01936,崔佳,男,57,湖北,宜昌,2024-03-18,抖音,普通会员
C01937,胡懿娜,女,43,福建,厦门,2025-05-22,抖音,普通会员
C01938,陆萱,男,25,北京,北京,2024-11-11,小程序,银卡会员
C01939,侯飞志,女,47,江苏,苏州,2025-04-03,拼多多,普通会员
C01940,高琪娜,男,21,广东,广州,2025-02-10,抖音,银卡会员
C01941,郝静,男,31,安徽,芜湖,2024-07-16,拼多多,银卡会员
C01942,熊静嘉,男,57,北京,北京,2024-04-09,天猫,普通会员
C01943,魏玉,女,52,陕西,西安,2025-12-01,拼多多,钻石会员
C01944,丁雪,女,56,北京,北京,2024-07-30,小程序,普通会员
C01945,宋艳,女,33,重庆,重庆,2024-03-19,天猫,银卡会员
C01946,许浩,男,47,广东,未知,2024-08-08,天猫,普通会员
C01947,金超怡,女,48,广东,深圳,2025-10-11,拼多多,银卡会员
C01948,薛雨,女,28,辽宁,沈阳,2024-07-07,京东,普通会员
C01949,康涛,男,58,辽宁,大连,2025-12-11,天猫,普通会员
C01950,徐桂,男,59,浙江,宁波,2024-11-27,天猫,普通会员
C01951,梁静,男,22,上海,上海,2025-09-12,京东,银卡会员
C01952,袁墨伟,男,50,北京,北京,2025-04-15,京东,银卡会员
C01953,文萱梅,女,37,上海,上海,2024-02-01,拼多多,银卡会员
C01954,吕琪怡,男,46,江苏,南京,2025-01-01,抖音,普通会员
C01955,尹远,女,41,重庆,重庆,2024-10-27,拼多多,银卡会员
C01956,程明,女,27,浙江,温州,2024-05-25,天猫,银卡会员
C01957,曾娜佳,男,22,福建,福州,2025-01-30,京东,普通会员
C01958,何妍,女,40,广东,广州,2024-03-15,京东,普通会员
C01959,贺梓洋,男,54,广东,深圳,2025-05-17,拼多多,普通会员
C01960,阎宇婷,女,53,山东,济南,2025-08-14,小程序,金卡会员
C01961,丁志,男,29,未知,温州,2024-03-07,京东,普通会员
C01962,吴雨飞,男,54,山东,济南,2024-12-11,小程序,普通会员
C01963,郑嘉艳,男,33,广东,东莞,2025-04-16,天猫,钻石会员
C01964,康嘉梅,女,42,辽宁,大连,2024-02-14,京东,金卡会员
C01965,薛浩怡,女,31,河南,郑州,2024-10-07,拼多多,普通会员
C01966,萧强曦,女,40,陕西,西安,2024-07-04,京东,金卡会员
C01967,郝刚,男,40,江苏,南京,2024-01-29,小程序,普通会员
C01968,高航,女,48,浙江,温州,2025-08-01,天猫,金卡会员
C01969,董玉,男,38,上海,上海,2024-11-16,拼多多,普通会员
C01970,萧然萱,女,40,四川,绵阳,2025-06-25,天猫,普通会员
C01971,夏涵鹏,女,46,浙江,温州,2025-02-26,天猫,钻石会员
C01972,傅娜,女,35,广东,东莞,2025-09-22,京东,普通会员
C01973,秦佳强,男,40,上海,上海,2025-12-18,小程序,金卡会员
C01974,卢英,女,21,浙江,宁波,2025-03-09,抖音,普通会员
C01975,谢伟佑,女,55,上海,上海,2024-09-10,抖音,普通会员
C01976,彭琪艳,男,23,江苏,南京,2024-10-31,天猫,钻石会员
C01977,孙海,女,55,浙江,温州,2025-08-17,天猫,普通会员
C01978,康怡佳,男,50,未知,武汉,2024-11-03,天猫,金卡会员
C01979,李涛思,女,58,上海,上海,2025-01-09,拼多多,金卡会员
C01980,赖强斌,女,19,上海,上海,2024-05-19,天猫,普通会员
C01981,王梅静,女,27,四川,成都,2025-12-13,京东,普通会员
C01982,邵嘉芳,男,20,河南,郑州,2025-04-13,抖音,普通会员
C01983,江玉雨,男,35,上海,上海,2024-08-25,抖音,普通会员
C01984,赵雅海,女,56,湖北,武汉,2025-02-25,京东,普通会员
C01985,邱勇晓,男,50,安徽,芜湖,2024-10-15,天猫,普通会员
C01986,程晨,女,48,四川,成都,2024-04-21,京东,金卡会员
C01987,宋洋琴,男,54,重庆,重庆,2025-09-21,拼多多,普通会员
C01988,贺建,女,18,河南,郑州,2025-09-29,天猫,银卡会员
C01989,汤航,男,51,广东,佛山,2025-08-24,抖音,普通会员
C01990,张佳华,男,31,北京,北京,2024-09-22,天猫,普通会员
C01991,马然懿,女,47,福建,泉州,2024-07-03,小程序,普通会员
C01992,沈志,男,50,安徽,芜湖,2024-02-05,小程序,普通会员
C01993,郭英桂,男,47,北京,北京,2025-06-10,天猫,银卡会员
C01994,许然妍,男,35,广东,东莞,2024-08-24,京东,普通会员
C01995,袁平超,女,44,四川,绵阳,2025-10-04,京东,金卡会员
C01996,戴妍,男,38,广东,深圳,2025-09-18,拼多多,金卡会员
C01997,于怡,女,45,河南,郑州,2024-04-02,抖音,普通会员
C01998,蒋嘉,女,37,四川,绵阳,2025-10-22,抖音,金卡会员
C01999,蔡鹏,女,34,福建,泉州,2024-04-11,天猫,钻石会员
C02000,郝子,男,26,陕西,咸阳,2024-12-19,天猫,普通会员
